D,Spk,OS,SNR,DER
(34.87 - 95.677],(5 - 7],[0.0 - 1.0],(4.0 - 7.0],63.261
(34.87 - 95.677],(4 - 5],[0.0 - 1.0],(20.0 - 24.8],18.26
(34.87 - 95.677],(4 - 5],(2.0 - 3.0],(13.0 - 16.0],29.755
(34.87 - 95.677],(5 - 7],[0.0 - 1.0],(4.0 - 7.0],50.644
(34.87 - 95.677],(5 - 7],[0.0 - 1.0],(4.0 - 7.0],71.508
(34.87 - 95.677],(5 - 7],(1.0 - 2.0],(4.0 - 7.0],85.993
(34.87 - 95.677],(4 - 5],[0.0 - 1.0],(13.0 - 16.0],22.875
(34.87 - 95.677],(5 - 7],(2.0 - 3.0],(4.0 - 7.0],60.207
(34.87 - 95.677],(5 - 7],(1.0 - 2.0],(4.0 - 7.0],58.335
(34.87 - 95.677],(4 - 5],[0.0 - 1.0],(16.0 - 20.0],22.484
(34.87 - 95.677],(5 - 7],[0.0 - 1.0],(7.0 - 10.0],50.296
(34.87 - 95.677],(4 - 5],[0.0 - 1.0],(13.0 - 16.0],25.478
(34.87 - 95.677],(5 - 7],(1.0 - 2.0],(10.0 - 13.0],45.497
(34.87 - 95.677],(5 - 7],[0.0 - 1.0],(4.0 - 7.0],63.576
(34.87 - 95.677],(4 - 5],[0.0 - 1.0],(20.0 - 24.8],19.541
(34.87 - 95.677],(5 - 7],(2.0 - 3.0],(4.0 - 7.0],72.78
(34.87 - 95.677],(4 - 5],[0.0 - 1.0],(20.0 - 24.8],19.72
(34.87 - 95.677],(5 - 7],[0.0 - 1.0],(7.0 - 10.0],62.381
(34.87 - 95.677],(5 - 7],(1.0 - 2.0],(10.0 - 13.0],48.456
(34.87 - 95.677],(4 - 5],[0.0 - 1.0],(13.0 - 16.0],27.206
(5.318 - 18.792],(3 - 4],(3.0 - 5.0],(16.0 - 20.0],35.492
(34.87 - 95.677],(3 - 4],(2.0 - 3.0],(20.0 - 24.8],34.082
(18.792 - 30.494],(3 - 4],(9.0 - 14.0],(24.8 - 29.0],38.634
(30.494 - 34.87],(3 - 4],(3.0 - 5.0],(20.0 - 24.8],20.306
(34.87 - 95.677],(3 - 4],[0.0 - 1.0],(24.8 - 29.0],27.655
(34.87 - 95.677],(3 - 4],(3.0 - 5.0],(24.8 - 29.0],24.909
(34.87 - 95.677],(3 - 4],(14.0 - 93.0],(24.8 - 29.0],40.656
(5.318 - 18.792],(3 - 4],(5.0 - 9.0],(16.0 - 20.0],29.95
(34.87 - 95.677],(2 - 3],(9.0 - 14.0],(29.0 - 35.0],33.504
(18.792 - 30.494],(3 - 4],(2.0 - 3.0],(20.0 - 24.8],17.306
(34.87 - 95.677],(3 - 4],[0.0 - 1.0],(29.0 - 35.0],25.608
(30.494 - 34.87],(3 - 4],(3.0 - 5.0],(20.0 - 24.8],26.259
(34.87 - 95.677],(3 - 4],(14.0 - 93.0],(24.8 - 29.0],42.908
(34.87 - 95.677],(3 - 4],(5.0 - 9.0],(20.0 - 24.8],31.857
(18.792 - 30.494],(3 - 4],[0.0 - 1.0],(20.0 - 24.8],37.707
(34.87 - 95.677],(3 - 4],(5.0 - 9.0],(24.8 - 29.0],25.514
(18.792 - 30.494],(7 - 10],[0.0 - 1.0],(7.0 - 10.0],37.859
(2.033 - 5.318],(5 - 7],[0.0 - 1.0],(24.8 - 29.0],17.841
(2.033 - 5.318],(7 - 10],[0.0 - 1.0],(24.8 - 29.0],27.348
(0.713 - 1.071],[1 - 2],[0.0 - 1.0],(35.0 - 59.0],5.073
(18.792 - 30.494],(10 - 41],(9.0 - 14.0],(16.0 - 20.0],28.424
(5.318 - 18.792],[1 - 2],(3.0 - 5.0],(20.0 - 24.8],22.322
(1.071 - 2.033],(2 - 3],(14.0 - 93.0],(16.0 - 20.0],28.329
(0.522 - 0.713],[1 - 2],[0.0 - 1.0],(4.0 - 7.0],21.426
(2.033 - 5.318],(2 - 3],[0.0 - 1.0],(35.0 - 59.0],0.717
(2.033 - 5.318],(3 - 4],[0.0 - 1.0],(35.0 - 59.0],7.65
(2.033 - 5.318],(4 - 5],(5.0 - 9.0],(29.0 - 35.0],29.991
(18.792 - 30.494],(5 - 7],[0.0 - 1.0],(7.0 - 10.0],21.157
(18.792 - 30.494],(5 - 7],[0.0 - 1.0],(24.8 - 29.0],10.725
(1.071 - 2.033],[1 - 2],[0.0 - 1.0],(16.0 - 20.0],6.382
(5.318 - 18.792],[1 - 2],[0.0 - 1.0],(29.0 - 35.0],16.442
(2.033 - 5.318],(5 - 7],[0.0 - 1.0],(16.0 - 20.0],4.663
(2.033 - 5.318],(10 - 41],(5.0 - 9.0],(16.0 - 20.0],29.069
(1.071 - 2.033],(4 - 5],[0.0 - 1.0],(29.0 - 35.0],15.233
(5.318 - 18.792],[1 - 2],[0.0 - 1.0],(35.0 - 59.0],5.862
(18.792 - 30.494],(5 - 7],[0.0 - 1.0],(24.8 - 29.0],5.872
(5.318 - 18.792],(3 - 4],(9.0 - 14.0],(20.0 - 24.8],18.913
(18.792 - 30.494],(5 - 7],(1.0 - 2.0],(24.8 - 29.0],12.438
(2.033 - 5.318],(3 - 4],[0.0 - 1.0],(13.0 - 16.0],7.689
(2.033 - 5.318],(2 - 3],[0.0 - 1.0],(16.0 - 20.0],23.668
(18.792 - 30.494],(10 - 41],[0.0 - 1.0],(10.0 - 13.0],50.077
(2.033 - 5.318],[1 - 2],[0.0 - 1.0],(13.0 - 16.0],13.086
(18.792 - 30.494],(7 - 10],[0.0 - 1.0],(29.0 - 35.0],11.89
(18.792 - 30.494],(7 - 10],[0.0 - 1.0],(7.0 - 10.0],24.054
(5.318 - 18.792],(5 - 7],[0.0 - 1.0],(20.0 - 24.8],22.197
(18.792 - 30.494],(10 - 41],(3.0 - 5.0],(13.0 - 16.0],51.64
(18.792 - 30.494],[1 - 2],[0.0 - 1.0],(35.0 - 59.0],9.416
(5.318 - 18.792],(7 - 10],(3.0 - 5.0],(24.8 - 29.0],18.136
(5.318 - 18.792],[1 - 2],(5.0 - 9.0],(16.0 - 20.0],27.254
(18.792 - 30.494],(4 - 5],[0.0 - 1.0],(20.0 - 24.8],14.964
(18.792 - 30.494],(5 - 7],[0.0 - 1.0],(35.0 - 59.0],6.739
(18.792 - 30.494],(10 - 41],(1.0 - 2.0],(29.0 - 35.0],10.68
(5.318 - 18.792],(7 - 10],(3.0 - 5.0],(24.8 - 29.0],20.317
(1.071 - 2.033],(5 - 7],(2.0 - 3.0],(29.0 - 35.0],5.056
(18.792 - 30.494],(7 - 10],[0.0 - 1.0],(13.0 - 16.0],28.26
(2.033 - 5.318],(5 - 7],[0.0 - 1.0],(24.8 - 29.0],12.408
(18.792 - 30.494],[1 - 2],[0.0 - 1.0],(35.0 - 59.0],14.851
(5.318 - 18.792],(10 - 41],[0.0 - 1.0],(10.0 - 13.0],43.081
(5.318 - 18.792],[1 - 2],[0.0 - 1.0],(13.0 - 16.0],20.468
(18.792 - 30.494],[1 - 2],[0.0 - 1.0],(29.0 - 35.0],13.623
(2.033 - 5.318],(10 - 41],[0.0 - 1.0],(24.8 - 29.0],17.626
(2.033 - 5.318],(7 - 10],(9.0 - 14.0],(16.0 - 20.0],35.896
(18.792 - 30.494],(10 - 41],[0.0 - 1.0],(35.0 - 59.0],11.038
(5.318 - 18.792],[1 - 2],(2.0 - 3.0],(29.0 - 35.0],11.046
(5.318 - 18.792],[1 - 2],[0.0 - 1.0],(35.0 - 59.0],3.077
(18.792 - 30.494],(7 - 10],(5.0 - 9.0],(29.0 - 35.0],11.767
(5.318 - 18.792],(2 - 3],[0.0 - 1.0],(29.0 - 35.0],4.85
(5.318 - 18.792],(2 - 3],[0.0 - 1.0],(35.0 - 59.0],2.302
(18.792 - 30.494],(7 - 10],[0.0 - 1.0],(7.0 - 10.0],19.31
(5.318 - 18.792],(3 - 4],(9.0 - 14.0],(20.0 - 24.8],18.82
(5.318 - 18.792],(10 - 41],(9.0 - 14.0],(16.0 - 20.0],28.997
(2.033 - 5.318],(5 - 7],(5.0 - 9.0],(16.0 - 20.0],17.15
(2.033 - 5.318],(2 - 3],(9.0 - 14.0],(24.8 - 29.0],35.481
(1.071 - 2.033],(4 - 5],[0.0 - 1.0],(13.0 - 16.0],14.809
(5.318 - 18.792],(7 - 10],[0.0 - 1.0],(10.0 - 13.0],12.598
(0.713 - 1.071],(2 - 3],(3.0 - 5.0],(29.0 - 35.0],17.692
(5.318 - 18.792],(2 - 3],(1.0 - 2.0],(16.0 - 20.0],6.427
(5.318 - 18.792],(3 - 4],[0.0 - 1.0],(35.0 - 59.0],5.152
(5.318 - 18.792],[1 - 2],[0.0 - 1.0],(10.0 - 13.0],2.527
(18.792 - 30.494],(5 - 7],[0.0 - 1.0],(29.0 - 35.0],13.936
(2.033 - 5.318],[1 - 2],[0.0 - 1.0],(24.8 - 29.0],28.27
(2.033 - 5.318],(3 - 4],(3.0 - 5.0],(24.8 - 29.0],20.314
(18.792 - 30.494],(10 - 41],[0.0 - 1.0],(13.0 - 16.0],27.717
(1.071 - 2.033],(10 - 41],[0.0 - 1.0],(24.8 - 29.0],28.276
(2.033 - 5.318],(3 - 4],(2.0 - 3.0],(24.8 - 29.0],21.33
(2.033 - 5.318],(2 - 3],[0.0 - 1.0],[0.0 - 4.0],100.076
(5.318 - 18.792],(7 - 10],[0.0 - 1.0],(35.0 - 59.0],5.377
(18.792 - 30.494],(7 - 10],(5.0 - 9.0],(20.0 - 24.8],16.516
(2.033 - 5.318],[1 - 2],[0.0 - 1.0],(16.0 - 20.0],8.684
(1.071 - 2.033],(5 - 7],[0.0 - 1.0],(16.0 - 20.0],20.317
(18.792 - 30.494],(7 - 10],[0.0 - 1.0],(29.0 - 35.0],6.656
(2.033 - 5.318],(7 - 10],[0.0 - 1.0],(13.0 - 16.0],4.764
(5.318 - 18.792],(4 - 5],[0.0 - 1.0],[0.0 - 4.0],48.239
(0.522 - 0.713],(3 - 4],(3.0 - 5.0],(24.8 - 29.0],5.1
(5.318 - 18.792],(5 - 7],(3.0 - 5.0],(29.0 - 35.0],18.567
(18.792 - 30.494],(10 - 41],[0.0 - 1.0],(10.0 - 13.0],21.728
(1.071 - 2.033],[1 - 2],(3.0 - 5.0],(13.0 - 16.0],8.367
(2.033 - 5.318],(7 - 10],[0.0 - 1.0],(10.0 - 13.0],9.666
(5.318 - 18.792],(5 - 7],[0.0 - 1.0],(29.0 - 35.0],10.389
(18.792 - 30.494],(7 - 10],[0.0 - 1.0],(7.0 - 10.0],18.71
(2.033 - 5.318],(5 - 7],(2.0 - 3.0],(13.0 - 16.0],28.357
(5.318 - 18.792],(10 - 41],(3.0 - 5.0],(16.0 - 20.0],27.399
(18.792 - 30.494],(5 - 7],[0.0 - 1.0],(35.0 - 59.0],9.187
(5.318 - 18.792],[1 - 2],[0.0 - 1.0],(29.0 - 35.0],9.516
(18.792 - 30.494],[1 - 2],(9.0 - 14.0],(35.0 - 59.0],16.375
(5.318 - 18.792],[1 - 2],(3.0 - 5.0],(20.0 - 24.8],21.467
(5.318 - 18.792],(10 - 41],(2.0 - 3.0],(10.0 - 13.0],29.744
(18.792 - 30.494],(5 - 7],[0.0 - 1.0],(7.0 - 10.0],14.658
(18.792 - 30.494],(7 - 10],(3.0 - 5.0],(35.0 - 59.0],12.61
(18.792 - 30.494],(3 - 4],[0.0 - 1.0],(29.0 - 35.0],6.363
(5.318 - 18.792],(7 - 10],(1.0 - 2.0],(29.0 - 35.0],12.739
(5.318 - 18.792],(4 - 5],(1.0 - 2.0],(35.0 - 59.0],4.204
(1.071 - 2.033],(3 - 4],[0.0 - 1.0],(24.8 - 29.0],11.294
(18.792 - 30.494],(5 - 7],[0.0 - 1.0],(13.0 - 16.0],19.268
(18.792 - 30.494],(10 - 41],(5.0 - 9.0],(24.8 - 29.0],15.46
(18.792 - 30.494],(5 - 7],[0.0 - 1.0],(29.0 - 35.0],12.451
(5.318 - 18.792],(2 - 3],[0.0 - 1.0],(16.0 - 20.0],25.507
(5.318 - 18.792],(4 - 5],[0.0 - 1.0],(20.0 - 24.8],8.588
(5.318 - 18.792],(10 - 41],(9.0 - 14.0],(16.0 - 20.0],28.353
(5.318 - 18.792],(5 - 7],[0.0 - 1.0],(35.0 - 59.0],3.496
(2.033 - 5.318],[1 - 2],(1.0 - 2.0],(20.0 - 24.8],8.01
(2.033 - 5.318],(2 - 3],(9.0 - 14.0],(20.0 - 24.8],32.31
(18.792 - 30.494],(3 - 4],[0.0 - 1.0],(35.0 - 59.0],5.78
(18.792 - 30.494],(7 - 10],[0.0 - 1.0],(7.0 - 10.0],20.379
(18.792 - 30.494],(7 - 10],(1.0 - 2.0],(10.0 - 13.0],19.911
(2.033 - 5.318],(7 - 10],[0.0 - 1.0],(20.0 - 24.8],33.153
(18.792 - 30.494],(10 - 41],[0.0 - 1.0],(10.0 - 13.0],27.728
(18.792 - 30.494],(5 - 7],(1.0 - 2.0],(16.0 - 20.0],5.009
(18.792 - 30.494],(5 - 7],(9.0 - 14.0],(24.8 - 29.0],15.91
(1.071 - 2.033],(3 - 4],[0.0 - 1.0],(29.0 - 35.0],16.141
(5.318 - 18.792],(7 - 10],[0.0 - 1.0],(35.0 - 59.0],21.104
(18.792 - 30.494],(7 - 10],[0.0 - 1.0],(29.0 - 35.0],9.745
(18.792 - 30.494],[1 - 2],[0.0 - 1.0],(10.0 - 13.0],26.358
(5.318 - 18.792],(5 - 7],[0.0 - 1.0],(16.0 - 20.0],8.965
(2.033 - 5.318],[1 - 2],[0.0 - 1.0],(20.0 - 24.8],9.138
(18.792 - 30.494],(7 - 10],[0.0 - 1.0],(35.0 - 59.0],9.623
(5.318 - 18.792],(5 - 7],(5.0 - 9.0],(24.8 - 29.0],20.222
(2.033 - 5.318],(10 - 41],[0.0 - 1.0],(16.0 - 20.0],25.6
(5.318 - 18.792],(7 - 10],[0.0 - 1.0],(16.0 - 20.0],11.094
(1.071 - 2.033],(2 - 3],[0.0 - 1.0],(35.0 - 59.0],8.23
(5.318 - 18.792],(7 - 10],(3.0 - 5.0],(24.8 - 29.0],17.587
(0.713 - 1.071],[1 - 2],[0.0 - 1.0],(29.0 - 35.0],2.206
(1.071 - 2.033],[1 - 2],[0.0 - 1.0],(10.0 - 13.0],10.362
(2.033 - 5.318],(7 - 10],(1.0 - 2.0],(24.8 - 29.0],18.346
(2.033 - 5.318],(7 - 10],[0.0 - 1.0],(29.0 - 35.0],19.318
(18.792 - 30.494],(7 - 10],[0.0 - 1.0],(7.0 - 10.0],27.905
(18.792 - 30.494],(10 - 41],[0.0 - 1.0],(20.0 - 24.8],9.28
(5.318 - 18.792],(5 - 7],(5.0 - 9.0],(16.0 - 20.0],23.966
(2.033 - 5.318],(5 - 7],[0.0 - 1.0],(35.0 - 59.0],3.283
(5.318 - 18.792],(5 - 7],[0.0 - 1.0],(16.0 - 20.0],37.259
(5.318 - 18.792],(3 - 4],[0.0 - 1.0],(35.0 - 59.0],8.348
(18.792 - 30.494],(10 - 41],[0.0 - 1.0],(10.0 - 13.0],22.943
(5.318 - 18.792],(2 - 3],[0.0 - 1.0],(13.0 - 16.0],4.391
(18.792 - 30.494],(10 - 41],[0.0 - 1.0],(24.8 - 29.0],26.472
(18.792 - 30.494],(4 - 5],[0.0 - 1.0],(10.0 - 13.0],15.86
(5.318 - 18.792],(7 - 10],[0.0 - 1.0],(24.8 - 29.0],6.269
(5.318 - 18.792],[1 - 2],(3.0 - 5.0],(16.0 - 20.0],21.546
(5.318 - 18.792],(4 - 5],(1.0 - 2.0],(29.0 - 35.0],7.415
(18.792 - 30.494],(7 - 10],[0.0 - 1.0],(7.0 - 10.0],38.607
(5.318 - 18.792],[1 - 2],[0.0 - 1.0],(20.0 - 24.8],17.316
(5.318 - 18.792],[1 - 2],[0.0 - 1.0],(35.0 - 59.0],3.48
(2.033 - 5.318],(7 - 10],(9.0 - 14.0],(7.0 - 10.0],44.362
(5.318 - 18.792],(5 - 7],(1.0 - 2.0],(20.0 - 24.8],20.108
(2.033 - 5.318],(3 - 4],[0.0 - 1.0],(24.8 - 29.0],20.156
(1.071 - 2.033],[1 - 2],(5.0 - 9.0],(24.8 - 29.0],20.107
(2.033 - 5.318],(5 - 7],(3.0 - 5.0],(24.8 - 29.0],11.021
(2.033 - 5.318],(5 - 7],(2.0 - 3.0],(20.0 - 24.8],25.033
(1.071 - 2.033],[1 - 2],(14.0 - 93.0],(24.8 - 29.0],22.111
(18.792 - 30.494],(10 - 41],[0.0 - 1.0],(13.0 - 16.0],34.163
(2.033 - 5.318],(7 - 10],(9.0 - 14.0],(13.0 - 16.0],28.71
(2.033 - 5.318],(10 - 41],[0.0 - 1.0],(24.8 - 29.0],12.224
(18.792 - 30.494],(10 - 41],[0.0 - 1.0],(10.0 - 13.0],32.851
(2.033 - 5.318],(5 - 7],[0.0 - 1.0],(35.0 - 59.0],3.415
(2.033 - 5.318],(4 - 5],(2.0 - 3.0],(29.0 - 35.0],13.167
(18.792 - 30.494],(5 - 7],[0.0 - 1.0],(24.8 - 29.0],11.05
(1.071 - 2.033],[1 - 2],[0.0 - 1.0],(35.0 - 59.0],0.686
(5.318 - 18.792],(3 - 4],(5.0 - 9.0],(20.0 - 24.8],14.49
(18.792 - 30.494],(5 - 7],[0.0 - 1.0],(10.0 - 13.0],16.913
(2.033 - 5.318],[1 - 2],[0.0 - 1.0],(13.0 - 16.0],16.217
(2.033 - 5.318],(10 - 41],[0.0 - 1.0],(29.0 - 35.0],28.745
(18.792 - 30.494],(10 - 41],[0.0 - 1.0],(10.0 - 13.0],17.52
(18.792 - 30.494],(2 - 3],[0.0 - 1.0],(35.0 - 59.0],12.369
(5.318 - 18.792],[1 - 2],[0.0 - 1.0],(10.0 - 13.0],13.176
(18.792 - 30.494],(5 - 7],(2.0 - 3.0],(16.0 - 20.0],6.35
(18.792 - 30.494],(7 - 10],(1.0 - 2.0],(29.0 - 35.0],16.831
(5.318 - 18.792],(2 - 3],(1.0 - 2.0],(13.0 - 16.0],35.541
(5.318 - 18.792],(5 - 7],(2.0 - 3.0],(35.0 - 59.0],11.288
(5.318 - 18.792],(3 - 4],(2.0 - 3.0],(16.0 - 20.0],19.079
(18.792 - 30.494],[1 - 2],[0.0 - 1.0],(24.8 - 29.0],10.849
(5.318 - 18.792],(10 - 41],(9.0 - 14.0],(24.8 - 29.0],20.862
(5.318 - 18.792],(7 - 10],(5.0 - 9.0],(24.8 - 29.0],20.564
(5.318 - 18.792],(10 - 41],(2.0 - 3.0],(24.8 - 29.0],20.247
(5.318 - 18.792],(5 - 7],[0.0 - 1.0],(29.0 - 35.0],6.772
(5.318 - 18.792],(10 - 41],(5.0 - 9.0],(20.0 - 24.8],16.435
(5.318 - 18.792],(5 - 7],(3.0 - 5.0],(24.8 - 29.0],8.37
(5.318 - 18.792],(7 - 10],(3.0 - 5.0],(29.0 - 35.0],19.855
(2.033 - 5.318],(7 - 10],(5.0 - 9.0],(29.0 - 35.0],40.875
(5.318 - 18.792],(5 - 7],(2.0 - 3.0],(24.8 - 29.0],10.07
(18.792 - 30.494],(5 - 7],[0.0 - 1.0],(20.0 - 24.8],13.144
(5.318 - 18.792],(5 - 7],(3.0 - 5.0],(16.0 - 20.0],17.518
(2.033 - 5.318],(2 - 3],(1.0 - 2.0],(20.0 - 24.8],26.006
(18.792 - 30.494],(7 - 10],[0.0 - 1.0],(10.0 - 13.0],17.079
(18.792 - 30.494],(7 - 10],[0.0 - 1.0],(13.0 - 16.0],20.834
(2.033 - 5.318],(3 - 4],[0.0 - 1.0],(29.0 - 35.0],5.872
(2.033 - 5.318],(3 - 4],[0.0 - 1.0],(24.8 - 29.0],5.325
(2.033 - 5.318],[1 - 2],(2.0 - 3.0],(7.0 - 10.0],14.429
(18.792 - 30.494],(5 - 7],[0.0 - 1.0],(13.0 - 16.0],28.047
(2.033 - 5.318],[1 - 2],[0.0 - 1.0],(35.0 - 59.0],6.206
(2.033 - 5.318],(7 - 10],(1.0 - 2.0],(29.0 - 35.0],9.493
(18.792 - 30.494],(5 - 7],(5.0 - 9.0],(24.8 - 29.0],10.697
(5.318 - 18.792],(10 - 41],(1.0 - 2.0],(16.0 - 20.0],10.821
(2.033 - 5.318],(7 - 10],[0.0 - 1.0],(35.0 - 59.0],16.259
(18.792 - 30.494],(3 - 4],[0.0 - 1.0],(24.8 - 29.0],5.628
(2.033 - 5.318],[1 - 2],[0.0 - 1.0],(35.0 - 59.0],26.07
(5.318 - 18.792],(10 - 41],[0.0 - 1.0],(20.0 - 24.8],26.649
(5.318 - 18.792],(10 - 41],(2.0 - 3.0],(24.8 - 29.0],12.878
(5.318 - 18.792],(5 - 7],(2.0 - 3.0],(7.0 - 10.0],61.42
(2.033 - 5.318],[1 - 2],(1.0 - 2.0],(29.0 - 35.0],9.114
(2.033 - 5.318],(7 - 10],[0.0 - 1.0],(13.0 - 16.0],12.372
(18.792 - 30.494],[1 - 2],(2.0 - 3.0],(29.0 - 35.0],9.885
(2.033 - 5.318],(3 - 4],[0.0 - 1.0],(29.0 - 35.0],34.008
(5.318 - 18.792],(7 - 10],(9.0 - 14.0],(7.0 - 10.0],43.323
(18.792 - 30.494],(5 - 7],[0.0 - 1.0],(35.0 - 59.0],7.226
(0.411 - 0.522],(2 - 3],[0.0 - 1.0],(10.0 - 13.0],15.398
(5.318 - 18.792],(4 - 5],(3.0 - 5.0],(29.0 - 35.0],9.868
(5.318 - 18.792],(4 - 5],(3.0 - 5.0],(13.0 - 16.0],33.406
(18.792 - 30.494],[1 - 2],(1.0 - 2.0],(35.0 - 59.0],8.392
(5.318 - 18.792],[1 - 2],[0.0 - 1.0],(24.8 - 29.0],3.171
(5.318 - 18.792],(5 - 7],(2.0 - 3.0],(24.8 - 29.0],9.396
(18.792 - 30.494],(7 - 10],[0.0 - 1.0],(13.0 - 16.0],26.864
(2.033 - 5.318],(2 - 3],(14.0 - 93.0],(16.0 - 20.0],36.987
(5.318 - 18.792],(3 - 4],(5.0 - 9.0],(16.0 - 20.0],25.239
(5.318 - 18.792],(7 - 10],(3.0 - 5.0],(24.8 - 29.0],21.753
(2.033 - 5.318],[1 - 2],[0.0 - 1.0],(35.0 - 59.0],13.379
(1.071 - 2.033],[1 - 2],[0.0 - 1.0],(35.0 - 59.0],5.532
(2.033 - 5.318],(4 - 5],[0.0 - 1.0],(24.8 - 29.0],27.681
(5.318 - 18.792],[1 - 2],[0.0 - 1.0],(35.0 - 59.0],0.767
(2.033 - 5.318],(10 - 41],[0.0 - 1.0],(24.8 - 29.0],19.786
(18.792 - 30.494],(5 - 7],[0.0 - 1.0],(29.0 - 35.0],9.079
(5.318 - 18.792],(5 - 7],(3.0 - 5.0],(29.0 - 35.0],13.758
(5.318 - 18.792],(10 - 41],(5.0 - 9.0],(24.8 - 29.0],25.383
(18.792 - 30.494],(10 - 41],(9.0 - 14.0],(20.0 - 24.8],26.133
(18.792 - 30.494],(5 - 7],[0.0 - 1.0],(16.0 - 20.0],15.74
(5.318 - 18.792],[1 - 2],[0.0 - 1.0],(35.0 - 59.0],7.754
(18.792 - 30.494],(5 - 7],[0.0 - 1.0],(10.0 - 13.0],15.424
(18.792 - 30.494],(7 - 10],[0.0 - 1.0],(20.0 - 24.8],12.96
(5.318 - 18.792],(10 - 41],[0.0 - 1.0],(7.0 - 10.0],51.889
(2.033 - 5.318],(3 - 4],[0.0 - 1.0],(16.0 - 20.0],32.295
(30.494 - 34.87],(3 - 4],(14.0 - 93.0],(10.0 - 13.0],54.455
(30.494 - 34.87],(2 - 3],[0.0 - 1.0],(7.0 - 10.0],70.699
(30.494 - 34.87],[1 - 2],[0.0 - 1.0],(20.0 - 24.8],23.725
(30.494 - 34.87],(2 - 3],[0.0 - 1.0],(7.0 - 10.0],87.337
(18.792 - 30.494],(3 - 4],(14.0 - 93.0],(10.0 - 13.0],58.848
(18.792 - 30.494],(2 - 3],[0.0 - 1.0],(13.0 - 16.0],50.804
(30.494 - 34.87],[1 - 2],[0.0 - 1.0],(20.0 - 24.8],20.372
(34.87 - 95.677],(3 - 4],(9.0 - 14.0],(20.0 - 24.8],40.73
(30.494 - 34.87],(2 - 3],(1.0 - 2.0],(13.0 - 16.0],83.144
(30.494 - 34.87],[1 - 2],[0.0 - 1.0],(16.0 - 20.0],27.174
(30.494 - 34.87],(3 - 4],(2.0 - 3.0],(16.0 - 20.0],39.8
(30.494 - 34.87],[1 - 2],[0.0 - 1.0],(20.0 - 24.8],25.215
(30.494 - 34.87],[1 - 2],[0.0 - 1.0],(16.0 - 20.0],41.207
(30.494 - 34.87],(3 - 4],(9.0 - 14.0],(16.0 - 20.0],37.485
(30.494 - 34.87],[1 - 2],[0.0 - 1.0],(13.0 - 16.0],24.757
(30.494 - 34.87],[1 - 2],[0.0 - 1.0],(29.0 - 35.0],12.675
(30.494 - 34.87],(3 - 4],(14.0 - 93.0],(13.0 - 16.0],51.152
(30.494 - 34.87],[1 - 2],(2.0 - 3.0],(16.0 - 20.0],27.603
(30.494 - 34.87],(3 - 4],(5.0 - 9.0],(16.0 - 20.0],29.895
(30.494 - 34.87],(3 - 4],(1.0 - 2.0],(16.0 - 20.0],75.335
(30.494 - 34.87],[1 - 2],[0.0 - 1.0],(24.8 - 29.0],5.691
(30.494 - 34.87],[1 - 2],[0.0 - 1.0],(20.0 - 24.8],23.691
(30.494 - 34.87],[1 - 2],[0.0 - 1.0],(20.0 - 24.8],21.708
(18.792 - 30.494],[1 - 2],[0.0 - 1.0],(29.0 - 35.0],9.9
(18.792 - 30.494],[1 - 2],[0.0 - 1.0],(13.0 - 16.0],20.027
(18.792 - 30.494],[1 - 2],[0.0 - 1.0],(24.8 - 29.0],25.258
(30.494 - 34.87],[1 - 2],[0.0 - 1.0],(10.0 - 13.0],31.979
(30.494 - 34.87],[1 - 2],[0.0 - 1.0],(29.0 - 35.0],11.761
(30.494 - 34.87],[1 - 2],[0.0 - 1.0],(20.0 - 24.8],23.186
(30.494 - 34.87],[1 - 2],[0.0 - 1.0],(16.0 - 20.0],14.905
(30.494 - 34.87],[1 - 2],[0.0 - 1.0],(29.0 - 35.0],6.928
(30.494 - 34.87],[1 - 2],[0.0 - 1.0],(20.0 - 24.8],20.033
(30.494 - 34.87],[1 - 2],[0.0 - 1.0],(16.0 - 20.0],45.345
(30.494 - 34.87],[1 - 2],(2.0 - 3.0],(13.0 - 16.0],27.122
(30.494 - 34.87],[1 - 2],[0.0 - 1.0],(24.8 - 29.0],12.529
(18.792 - 30.494],[1 - 2],[0.0 - 1.0],(29.0 - 35.0],15.153
(30.494 - 34.87],[1 - 2],[0.0 - 1.0],(20.0 - 24.8],10.982
(30.494 - 34.87],[1 - 2],[0.0 - 1.0],(24.8 - 29.0],17.681
(30.494 - 34.87],[1 - 2],[0.0 - 1.0],(16.0 - 20.0],13.215
(30.494 - 34.87],[1 - 2],[0.0 - 1.0],(29.0 - 35.0],12.297
(18.792 - 30.494],[1 - 2],[0.0 - 1.0],(20.0 - 24.8],17.542
(30.494 - 34.87],[1 - 2],[0.0 - 1.0],(24.8 - 29.0],6.049
(30.494 - 34.87],[1 - 2],[0.0 - 1.0],(24.8 - 29.0],8.763
(30.494 - 34.87],[1 - 2],[0.0 - 1.0],(20.0 - 24.8],20.985
(30.494 - 34.87],[1 - 2],[0.0 - 1.0],(7.0 - 10.0],17.75
(30.494 - 34.87],[1 - 2],(1.0 - 2.0],(16.0 - 20.0],15.601
(18.792 - 30.494],[1 - 2],[0.0 - 1.0],(16.0 - 20.0],24.487
(30.494 - 34.87],[1 - 2],[0.0 - 1.0],(16.0 - 20.0],16.045
(30.494 - 34.87],[1 - 2],[0.0 - 1.0],(7.0 - 10.0],21.986
(30.494 - 34.87],[1 - 2],[0.0 - 1.0],(10.0 - 13.0],31.66
(30.494 - 34.87],[1 - 2],[0.0 - 1.0],(35.0 - 59.0],5.884
(30.494 - 34.87],[1 - 2],[0.0 - 1.0],(20.0 - 24.8],13.966
(30.494 - 34.87],[1 - 2],[0.0 - 1.0],(20.0 - 24.8],14.499
(30.494 - 34.87],[1 - 2],(5.0 - 9.0],(13.0 - 16.0],26.217
(18.792 - 30.494],[1 - 2],[0.0 - 1.0],(16.0 - 20.0],20.117
(30.494 - 34.87],[1 - 2],[0.0 - 1.0],(24.8 - 29.0],13.471
(30.494 - 34.87],[1 - 2],[0.0 - 1.0],(20.0 - 24.8],6.26
(30.494 - 34.87],[1 - 2],[0.0 - 1.0],(24.8 - 29.0],12.484
(30.494 - 34.87],[1 - 2],[0.0 - 1.0],(16.0 - 20.0],26.661
(30.494 - 34.87],[1 - 2],(1.0 - 2.0],(16.0 - 20.0],23.727
(30.494 - 34.87],[1 - 2],[0.0 - 1.0],(35.0 - 59.0],5.349
(30.494 - 34.87],[1 - 2],[0.0 - 1.0],(13.0 - 16.0],15.576
(30.494 - 34.87],[1 - 2],[0.0 - 1.0],(24.8 - 29.0],4.834
(30.494 - 34.87],[1 - 2],[0.0 - 1.0],(10.0 - 13.0],37.936
(18.792 - 30.494],[1 - 2],[0.0 - 1.0],(24.8 - 29.0],12.28
(18.792 - 30.494],[1 - 2],[0.0 - 1.0],(16.0 - 20.0],23.694
(30.494 - 34.87],[1 - 2],[0.0 - 1.0],(24.8 - 29.0],9.745
(30.494 - 34.87],[1 - 2],[0.0 - 1.0],(24.8 - 29.0],15.75
(30.494 - 34.87],[1 - 2],[0.0 - 1.0],(29.0 - 35.0],5.196
(30.494 - 34.87],[1 - 2],[0.0 - 1.0],(24.8 - 29.0],18.347
(30.494 - 34.87],[1 - 2],(2.0 - 3.0],(13.0 - 16.0],17.403
(18.792 - 30.494],[1 - 2],[0.0 - 1.0],(20.0 - 24.8],13.171
(30.494 - 34.87],[1 - 2],[0.0 - 1.0],(16.0 - 20.0],25.736
(30.494 - 34.87],[1 - 2],[0.0 - 1.0],(16.0 - 20.0],8.83
(30.494 - 34.87],[1 - 2],[0.0 - 1.0],(24.8 - 29.0],17.812
(30.494 - 34.87],[1 - 2],[0.0 - 1.0],(24.8 - 29.0],6.233
(30.494 - 34.87],[1 - 2],[0.0 - 1.0],(29.0 - 35.0],4.882
(18.792 - 30.494],[1 - 2],[0.0 - 1.0],(20.0 - 24.8],22.319
(30.494 - 34.87],[1 - 2],[0.0 - 1.0],(16.0 - 20.0],6.293
(30.494 - 34.87],[1 - 2],[0.0 - 1.0],(24.8 - 29.0],7.768
(34.87 - 95.677],(10 - 41],[0.0 - 1.0],(35.0 - 59.0],54.349
(30.494 - 34.87],(5 - 7],[0.0 - 1.0],(29.0 - 35.0],12.038
(18.792 - 30.494],(5 - 7],[0.0 - 1.0],(24.8 - 29.0],17.664
(34.87 - 95.677],(10 - 41],[0.0 - 1.0],(35.0 - 59.0],74.429
(34.87 - 95.677],(10 - 41],[0.0 - 1.0],(35.0 - 59.0],27.952
(34.87 - 95.677],(10 - 41],[0.0 - 1.0],(35.0 - 59.0],27.183
(34.87 - 95.677],(10 - 41],[0.0 - 1.0],(35.0 - 59.0],68.885
(34.87 - 95.677],(10 - 41],[0.0 - 1.0],(29.0 - 35.0],44.872
(34.87 - 95.677],(10 - 41],[0.0 - 1.0],(29.0 - 35.0],53.202
(34.87 - 95.677],(5 - 7],[0.0 - 1.0],(35.0 - 59.0],16.254
(18.792 - 30.494],(5 - 7],[0.0 - 1.0],(24.8 - 29.0],13.585
(18.792 - 30.494],(5 - 7],[0.0 - 1.0],(35.0 - 59.0],13.077
(34.87 - 95.677],(10 - 41],[0.0 - 1.0],(35.0 - 59.0],26.854
(34.87 - 95.677],(7 - 10],[0.0 - 1.0],(35.0 - 59.0],41.197
(34.87 - 95.677],(5 - 7],[0.0 - 1.0],(35.0 - 59.0],13.633
(34.87 - 95.677],(10 - 41],[0.0 - 1.0],(35.0 - 59.0],74.027
(34.87 - 95.677],(10 - 41],[0.0 - 1.0],(35.0 - 59.0],57.406
(34.87 - 95.677],(7 - 10],[0.0 - 1.0],(35.0 - 59.0],15.814
(34.87 - 95.677],(7 - 10],[0.0 - 1.0],(35.0 - 59.0],11.723
(34.87 - 95.677],(10 - 41],[0.0 - 1.0],(35.0 - 59.0],58.705
(5.318 - 18.792],(4 - 5],[0.0 - 1.0],(35.0 - 59.0],8.129
(18.792 - 30.494],(4 - 5],[0.0 - 1.0],(20.0 - 24.8],38.128
(34.87 - 95.677],(7 - 10],[0.0 - 1.0],(35.0 - 59.0],19.544
(34.87 - 95.677],(10 - 41],[0.0 - 1.0],(35.0 - 59.0],41.724
(34.87 - 95.677],(10 - 41],[0.0 - 1.0],(35.0 - 59.0],32.902
(34.87 - 95.677],(10 - 41],[0.0 - 1.0],(35.0 - 59.0],22.415
(34.87 - 95.677],(7 - 10],[0.0 - 1.0],(29.0 - 35.0],32.235
(34.87 - 95.677],(7 - 10],[0.0 - 1.0],(24.8 - 29.0],65.554
(34.87 - 95.677],(5 - 7],[0.0 - 1.0],(29.0 - 35.0],17.874
(34.87 - 95.677],(7 - 10],[0.0 - 1.0],(35.0 - 59.0],26.72
(34.87 - 95.677],(7 - 10],[0.0 - 1.0],(35.0 - 59.0],27.799
(34.87 - 95.677],(10 - 41],[0.0 - 1.0],(29.0 - 35.0],29.074
(34.87 - 95.677],(7 - 10],[0.0 - 1.0],(29.0 - 35.0],27.515
(34.87 - 95.677],(7 - 10],[0.0 - 1.0],(35.0 - 59.0],18.501
(34.87 - 95.677],(4 - 5],[0.0 - 1.0],(35.0 - 59.0],29.279
(34.87 - 95.677],(10 - 41],[0.0 - 1.0],(35.0 - 59.0],31.553
(34.87 - 95.677],(7 - 10],[0.0 - 1.0],(29.0 - 35.0],23.857
(18.792 - 30.494],(7 - 10],[0.0 - 1.0],(24.8 - 29.0],25.051
(34.87 - 95.677],(10 - 41],[0.0 - 1.0],(24.8 - 29.0],23.315
(34.87 - 95.677],(10 - 41],[0.0 - 1.0],(35.0 - 59.0],16.654
(30.494 - 34.87],[1 - 2],[0.0 - 1.0],(35.0 - 59.0],7.072
(18.792 - 30.494],(5 - 7],[0.0 - 1.0],(35.0 - 59.0],11.966
(34.87 - 95.677],(10 - 41],[0.0 - 1.0],(35.0 - 59.0],33.257
(34.87 - 95.677],(7 - 10],[0.0 - 1.0],(24.8 - 29.0],42.06
(0.411 - 0.522],[1 - 2],[0.0 - 1.0],(10.0 - 13.0],22.894
(0.335 - 0.411],(2 - 3],(9.0 - 14.0],(4.0 - 7.0],73.741
(0.713 - 1.071],[1 - 2],(3.0 - 5.0],[0.0 - 4.0],49.417
(0.335 - 0.411],(2 - 3],[0.0 - 1.0],[0.0 - 4.0],76.761
(0.713 - 1.071],[1 - 2],(5.0 - 9.0],(4.0 - 7.0],33.209
(0.713 - 1.071],(2 - 3],[0.0 - 1.0],[0.0 - 4.0],79.742
(0.713 - 1.071],[1 - 2],(3.0 - 5.0],(24.8 - 29.0],14.541
(1.071 - 2.033],(3 - 4],(2.0 - 3.0],(7.0 - 10.0],42.725
(0.411 - 0.522],(3 - 4],(14.0 - 93.0],[0.0 - 4.0],78.121
(0.522 - 0.713],[1 - 2],(5.0 - 9.0],(7.0 - 10.0],43.772
(0.522 - 0.713],[1 - 2],(9.0 - 14.0],(13.0 - 16.0],25.516
(0.335 - 0.411],[1 - 2],[0.0 - 1.0],(10.0 - 13.0],9.828
(1.071 - 2.033],(3 - 4],(9.0 - 14.0],(10.0 - 13.0],48.39
(0.713 - 1.071],[1 - 2],[0.0 - 1.0],(4.0 - 7.0],40.446
(1.071 - 2.033],[1 - 2],(3.0 - 5.0],(7.0 - 10.0],22.903
(1.071 - 2.033],[1 - 2],(2.0 - 3.0],(24.8 - 29.0],12.122
(0.522 - 0.713],(2 - 3],(14.0 - 93.0],(7.0 - 10.0],45.484
(0.335 - 0.411],(2 - 3],(14.0 - 93.0],[0.0 - 4.0],65.823
(0.411 - 0.522],(3 - 4],(5.0 - 9.0],[0.0 - 4.0],82.291
(0.713 - 1.071],[1 - 2],[0.0 - 1.0],(13.0 - 16.0],13.602
(0.335 - 0.411],(3 - 4],(3.0 - 5.0],(13.0 - 16.0],36.859
(5.318 - 18.792],[1 - 2],(9.0 - 14.0],(4.0 - 7.0],19.567
(0.411 - 0.522],(3 - 4],(5.0 - 9.0],(7.0 - 10.0],51.273
(0.522 - 0.713],[1 - 2],(5.0 - 9.0],(4.0 - 7.0],63.602
(0.522 - 0.713],[1 - 2],[0.0 - 1.0],(7.0 - 10.0],13.642
(1.071 - 2.033],(2 - 3],(9.0 - 14.0],(10.0 - 13.0],62.352
(0.411 - 0.522],[1 - 2],[0.0 - 1.0],(16.0 - 20.0],16.719
(0.335 - 0.411],[1 - 2],(9.0 - 14.0],(13.0 - 16.0],41.307
(0.522 - 0.713],[1 - 2],(5.0 - 9.0],(16.0 - 20.0],14.429
(2.033 - 5.318],(2 - 3],(3.0 - 5.0],(20.0 - 24.8],44.799
(0.522 - 0.713],[1 - 2],[0.0 - 1.0],(7.0 - 10.0],18.158
(0.713 - 1.071],[1 - 2],[0.0 - 1.0],(16.0 - 20.0],22.559
(0.335 - 0.411],[1 - 2],(5.0 - 9.0],(10.0 - 13.0],21.579
(0.335 - 0.411],[1 - 2],(14.0 - 93.0],[0.0 - 4.0],56.649
(0.713 - 1.071],[1 - 2],[0.0 - 1.0],(16.0 - 20.0],13.074
(1.071 - 2.033],[1 - 2],(3.0 - 5.0],(16.0 - 20.0],23.778
(0.411 - 0.522],[1 - 2],[0.0 - 1.0],[0.0 - 4.0],59.309
(0.411 - 0.522],[1 - 2],[0.0 - 1.0],(4.0 - 7.0],59.058
(2.033 - 5.318],[1 - 2],(2.0 - 3.0],(13.0 - 16.0],15.189
(0.411 - 0.522],(2 - 3],(14.0 - 93.0],(7.0 - 10.0],38.264
(2.033 - 5.318],[1 - 2],[0.0 - 1.0],(29.0 - 35.0],12.385
(0.522 - 0.713],(3 - 4],(9.0 - 14.0],(7.0 - 10.0],56.574
(5.318 - 18.792],[1 - 2],(2.0 - 3.0],(13.0 - 16.0],11.251
(0.522 - 0.713],[1 - 2],[0.0 - 1.0],(35.0 - 59.0],14.849
(0.335 - 0.411],[1 - 2],(9.0 - 14.0],(10.0 - 13.0],47.745
(1.071 - 2.033],(2 - 3],[0.0 - 1.0],(13.0 - 16.0],39.854
(0.411 - 0.522],(2 - 3],(9.0 - 14.0],(4.0 - 7.0],50.951
(0.335 - 0.411],(2 - 3],(5.0 - 9.0],(4.0 - 7.0],61.068
(0.522 - 0.713],(3 - 4],(5.0 - 9.0],(7.0 - 10.0],73.065
(0.713 - 1.071],(2 - 3],(3.0 - 5.0],(20.0 - 24.8],24.48
(0.335 - 0.411],[1 - 2],(3.0 - 5.0],(10.0 - 13.0],20.02
(0.522 - 0.713],(2 - 3],(3.0 - 5.0],(16.0 - 20.0],40.162
(0.411 - 0.522],[1 - 2],(9.0 - 14.0],(13.0 - 16.0],59.461
(0.522 - 0.713],[1 - 2],(9.0 - 14.0],(10.0 - 13.0],40.312
(1.071 - 2.033],[1 - 2],(5.0 - 9.0],(24.8 - 29.0],15.559
(0.713 - 1.071],[1 - 2],(3.0 - 5.0],[0.0 - 4.0],87.777
(0.335 - 0.411],[1 - 2],[0.0 - 1.0],(20.0 - 24.8],19.022
(1.071 - 2.033],[1 - 2],(14.0 - 93.0],(4.0 - 7.0],40.532
(0.522 - 0.713],[1 - 2],(1.0 - 2.0],(7.0 - 10.0],32.121
(0.522 - 0.713],[1 - 2],(2.0 - 3.0],(10.0 - 13.0],25.312
(0.522 - 0.713],[1 - 2],(9.0 - 14.0],(10.0 - 13.0],19.953
(0.411 - 0.522],[1 - 2],(5.0 - 9.0],(13.0 - 16.0],11.259
(2.033 - 5.318],[1 - 2],(1.0 - 2.0],[0.0 - 4.0],37.467
(1.071 - 2.033],(2 - 3],(3.0 - 5.0],(16.0 - 20.0],31.535
(0.522 - 0.713],(2 - 3],(1.0 - 2.0],[0.0 - 4.0],84.08
(2.033 - 5.318],[1 - 2],(3.0 - 5.0],(4.0 - 7.0],50.385
(2.033 - 5.318],[1 - 2],(5.0 - 9.0],(10.0 - 13.0],28.309
(0.522 - 0.713],[1 - 2],[0.0 - 1.0],(16.0 - 20.0],6.266
(1.071 - 2.033],[1 - 2],(9.0 - 14.0],(16.0 - 20.0],33.606
(0.335 - 0.411],[1 - 2],(5.0 - 9.0],(4.0 - 7.0],43.517
(0.335 - 0.411],[1 - 2],(3.0 - 5.0],(4.0 - 7.0],17.279
(0.522 - 0.713],(3 - 4],(9.0 - 14.0],[0.0 - 4.0],57.016
(0.713 - 1.071],[1 - 2],[0.0 - 1.0],(24.8 - 29.0],8.146
(0.411 - 0.522],[1 - 2],(5.0 - 9.0],(7.0 - 10.0],12.384
(0.713 - 1.071],(2 - 3],[0.0 - 1.0],[0.0 - 4.0],81.707
(0.335 - 0.411],[1 - 2],[0.0 - 1.0],[0.0 - 4.0],63.629
(0.713 - 1.071],[1 - 2],(9.0 - 14.0],(10.0 - 13.0],25.801
(0.411 - 0.522],(3 - 4],(14.0 - 93.0],(7.0 - 10.0],44.37
(0.522 - 0.713],(2 - 3],[0.0 - 1.0],(16.0 - 20.0],38.993
(0.713 - 1.071],[1 - 2],[0.0 - 1.0],(7.0 - 10.0],27.097
(0.335 - 0.411],[1 - 2],[0.0 - 1.0],(7.0 - 10.0],51.941
(0.713 - 1.071],[1 - 2],(2.0 - 3.0],(13.0 - 16.0],6.363
(0.411 - 0.522],(2 - 3],[0.0 - 1.0],(4.0 - 7.0],38.79
(0.335 - 0.411],(2 - 3],(14.0 - 93.0],(7.0 - 10.0],64.701
(0.522 - 0.713],[1 - 2],[0.0 - 1.0],(13.0 - 16.0],8.516
(2.033 - 5.318],(3 - 4],(14.0 - 93.0],[0.0 - 4.0],47.49
(0.713 - 1.071],[1 - 2],[0.0 - 1.0],(35.0 - 59.0],12.636
(1.071 - 2.033],[1 - 2],(5.0 - 9.0],(13.0 - 16.0],18.048
(0.522 - 0.713],[1 - 2],[0.0 - 1.0],(7.0 - 10.0],34.823
(0.713 - 1.071],[1 - 2],(5.0 - 9.0],(7.0 - 10.0],26.173
(0.411 - 0.522],(2 - 3],(5.0 - 9.0],(4.0 - 7.0],69.867
(1.071 - 2.033],[1 - 2],(1.0 - 2.0],(29.0 - 35.0],16.63
(0.335 - 0.411],[1 - 2],(14.0 - 93.0],[0.0 - 4.0],52.319
(0.411 - 0.522],(2 - 3],(2.0 - 3.0],(10.0 - 13.0],72.857
(1.071 - 2.033],[1 - 2],(9.0 - 14.0],(10.0 - 13.0],32.453
(0.522 - 0.713],[1 - 2],[0.0 - 1.0],(35.0 - 59.0],15.541
(0.522 - 0.713],[1 - 2],(2.0 - 3.0],(7.0 - 10.0],52.5
(0.522 - 0.713],[1 - 2],[0.0 - 1.0],(7.0 - 10.0],71.743
(0.411 - 0.522],(2 - 3],[0.0 - 1.0],(4.0 - 7.0],36.839
(0.522 - 0.713],[1 - 2],(3.0 - 5.0],[0.0 - 4.0],63.44
(0.411 - 0.522],[1 - 2],[0.0 - 1.0],(24.8 - 29.0],10.173
(0.522 - 0.713],[1 - 2],[0.0 - 1.0],(16.0 - 20.0],6.86
(0.713 - 1.071],[1 - 2],[0.0 - 1.0],(7.0 - 10.0],59.457
(0.522 - 0.713],(3 - 4],[0.0 - 1.0],(10.0 - 13.0],63.724
(0.411 - 0.522],[1 - 2],(9.0 - 14.0],(10.0 - 13.0],26.085
(0.411 - 0.522],[1 - 2],[0.0 - 1.0],(29.0 - 35.0],17.853
(2.033 - 5.318],[1 - 2],(1.0 - 2.0],(10.0 - 13.0],24.586
(1.071 - 2.033],(2 - 3],(5.0 - 9.0],(7.0 - 10.0],68.048
(0.411 - 0.522],[1 - 2],(9.0 - 14.0],(7.0 - 10.0],57.851
(0.335 - 0.411],(2 - 3],[0.0 - 1.0],[0.0 - 4.0],84.886
(0.411 - 0.522],[1 - 2],[0.0 - 1.0],(4.0 - 7.0],67.038
(5.318 - 18.792],[1 - 2],(5.0 - 9.0],(16.0 - 20.0],10.979
(0.411 - 0.522],(2 - 3],[0.0 - 1.0],(7.0 - 10.0],61.719
(2.033 - 5.318],[1 - 2],(5.0 - 9.0],(13.0 - 16.0],17.307
(0.522 - 0.713],(2 - 3],(1.0 - 2.0],(7.0 - 10.0],61.031
(0.713 - 1.071],(2 - 3],[0.0 - 1.0],(20.0 - 24.8],38.982
(2.033 - 5.318],[1 - 2],(9.0 - 14.0],(24.8 - 29.0],24.223
(1.071 - 2.033],[1 - 2],[0.0 - 1.0],(35.0 - 59.0],13.243
(0.522 - 0.713],[1 - 2],(5.0 - 9.0],(4.0 - 7.0],22.927
(0.713 - 1.071],[1 - 2],[0.0 - 1.0],[0.0 - 4.0],63.475
(0.335 - 0.411],[1 - 2],(5.0 - 9.0],(20.0 - 24.8],25.564
(2.033 - 5.318],(2 - 3],(5.0 - 9.0],(4.0 - 7.0],84.661
(1.071 - 2.033],[1 - 2],(5.0 - 9.0],(13.0 - 16.0],20.508
(0.713 - 1.071],[1 - 2],[0.0 - 1.0],(16.0 - 20.0],7.665
(0.713 - 1.071],[1 - 2],(3.0 - 5.0],(4.0 - 7.0],58.005
(0.411 - 0.522],[1 - 2],[0.0 - 1.0],(10.0 - 13.0],27.327
(1.071 - 2.033],[1 - 2],(3.0 - 5.0],(16.0 - 20.0],19.932
(2.033 - 5.318],(2 - 3],(2.0 - 3.0],(20.0 - 24.8],27.878
(0.713 - 1.071],(2 - 3],(5.0 - 9.0],(7.0 - 10.0],45.691
(1.071 - 2.033],[1 - 2],[0.0 - 1.0],(13.0 - 16.0],42.8
(5.318 - 18.792],[1 - 2],(2.0 - 3.0],(35.0 - 59.0],14.773
(0.335 - 0.411],[1 - 2],[0.0 - 1.0],(13.0 - 16.0],16.793
(2.033 - 5.318],(2 - 3],(3.0 - 5.0],(4.0 - 7.0],70.836
(0.411 - 0.522],(2 - 3],[0.0 - 1.0],(4.0 - 7.0],71.591
(1.071 - 2.033],(2 - 3],(14.0 - 93.0],[0.0 - 4.0],63.013
(0.713 - 1.071],[1 - 2],[0.0 - 1.0],(29.0 - 35.0],15.381
(0.713 - 1.071],(2 - 3],(3.0 - 5.0],(13.0 - 16.0],34.702
(1.071 - 2.033],[1 - 2],[0.0 - 1.0],[0.0 - 4.0],35.067
(1.071 - 2.033],(2 - 3],(3.0 - 5.0],(16.0 - 20.0],52.226
(0.411 - 0.522],[1 - 2],(14.0 - 93.0],(10.0 - 13.0],56.801
(0.713 - 1.071],(3 - 4],(9.0 - 14.0],[0.0 - 4.0],46.205
(0.522 - 0.713],(3 - 4],(9.0 - 14.0],(4.0 - 7.0],72.936
(0.335 - 0.411],[1 - 2],[0.0 - 1.0],(13.0 - 16.0],20.658
(0.335 - 0.411],[1 - 2],[0.0 - 1.0],(13.0 - 16.0],10.729
(0.522 - 0.713],[1 - 2],(1.0 - 2.0],(20.0 - 24.8],8.593
(0.411 - 0.522],(2 - 3],(14.0 - 93.0],[0.0 - 4.0],70.116
(0.713 - 1.071],[1 - 2],(5.0 - 9.0],(4.0 - 7.0],33.468
(0.411 - 0.522],[1 - 2],(3.0 - 5.0],[0.0 - 4.0],72.731
(0.411 - 0.522],(2 - 3],[0.0 - 1.0],(10.0 - 13.0],55.144
(0.335 - 0.411],[1 - 2],(5.0 - 9.0],(16.0 - 20.0],17.248
(0.411 - 0.522],(2 - 3],(14.0 - 93.0],[0.0 - 4.0],66.545
(0.713 - 1.071],(2 - 3],(14.0 - 93.0],(4.0 - 7.0],73.06
(0.335 - 0.411],[1 - 2],[0.0 - 1.0],(7.0 - 10.0],64.769
(2.033 - 5.318],(3 - 4],(3.0 - 5.0],(16.0 - 20.0],40.497
(0.522 - 0.713],[1 - 2],(3.0 - 5.0],(4.0 - 7.0],62.981
(0.713 - 1.071],(2 - 3],(9.0 - 14.0],(4.0 - 7.0],30.11
(1.071 - 2.033],[1 - 2],(5.0 - 9.0],(16.0 - 20.0],23.203
(0.411 - 0.522],[1 - 2],(5.0 - 9.0],(7.0 - 10.0],14.491
(0.411 - 0.522],(2 - 3],(5.0 - 9.0],[0.0 - 4.0],88.005
(2.033 - 5.318],[1 - 2],(9.0 - 14.0],(10.0 - 13.0],25.516
(1.071 - 2.033],[1 - 2],(2.0 - 3.0],(16.0 - 20.0],24.53
(0.335 - 0.411],(2 - 3],[0.0 - 1.0],[0.0 - 4.0],26.005
(0.713 - 1.071],[1 - 2],[0.0 - 1.0],(16.0 - 20.0],16.746
(5.318 - 18.792],[1 - 2],[0.0 - 1.0],[0.0 - 4.0],80.176
(0.335 - 0.411],[1 - 2],[0.0 - 1.0],(24.8 - 29.0],61.744
(1.071 - 2.033],(2 - 3],(9.0 - 14.0],(4.0 - 7.0],37.821
(0.335 - 0.411],(2 - 3],(5.0 - 9.0],(7.0 - 10.0],51.599
(0.713 - 1.071],(3 - 4],(9.0 - 14.0],[0.0 - 4.0],40.936
(0.411 - 0.522],[1 - 2],(5.0 - 9.0],(7.0 - 10.0],13.518
(0.411 - 0.522],(2 - 3],(14.0 - 93.0],(4.0 - 7.0],76.638
(0.411 - 0.522],(2 - 3],(3.0 - 5.0],(20.0 - 24.8],25.478
(0.522 - 0.713],(3 - 4],(9.0 - 14.0],(7.0 - 10.0],61.548
(0.713 - 1.071],[1 - 2],[0.0 - 1.0],(16.0 - 20.0],11.269
(0.713 - 1.071],[1 - 2],(5.0 - 9.0],(7.0 - 10.0],24.765
(0.335 - 0.411],[1 - 2],[0.0 - 1.0],(35.0 - 59.0],29.671
(0.335 - 0.411],(2 - 3],(14.0 - 93.0],[0.0 - 4.0],38.976
(1.071 - 2.033],(2 - 3],(2.0 - 3.0],(7.0 - 10.0],74.162
(0.335 - 0.411],[1 - 2],[0.0 - 1.0],(10.0 - 13.0],31.452
(0.713 - 1.071],[1 - 2],(5.0 - 9.0],(24.8 - 29.0],26.114
(0.713 - 1.071],(2 - 3],(3.0 - 5.0],(13.0 - 16.0],49.828
(2.033 - 5.318],[1 - 2],(5.0 - 9.0],(7.0 - 10.0],15.003
(0.411 - 0.522],(2 - 3],[0.0 - 1.0],(7.0 - 10.0],61.648
(0.335 - 0.411],[1 - 2],[0.0 - 1.0],(10.0 - 13.0],63.169
(1.071 - 2.033],(2 - 3],(3.0 - 5.0],(7.0 - 10.0],55.044
(1.071 - 2.033],(2 - 3],(2.0 - 3.0],(16.0 - 20.0],15.543
(0.335 - 0.411],(2 - 3],(5.0 - 9.0],(7.0 - 10.0],59.898
(0.411 - 0.522],(3 - 4],(14.0 - 93.0],[0.0 - 4.0],77.013
(0.713 - 1.071],[1 - 2],(2.0 - 3.0],(20.0 - 24.8],10.008
(0.335 - 0.411],(2 - 3],(3.0 - 5.0],(10.0 - 13.0],49.244
(0.335 - 0.411],(3 - 4],(14.0 - 93.0],[0.0 - 4.0],63.967
(2.033 - 5.318],[1 - 2],(14.0 - 93.0],[0.0 - 4.0],37.443
(0.411 - 0.522],(3 - 4],(5.0 - 9.0],(7.0 - 10.0],54.492
(0.522 - 0.713],(2 - 3],[0.0 - 1.0],(13.0 - 16.0],65.653
(0.411 - 0.522],(3 - 4],(2.0 - 3.0],(7.0 - 10.0],38.896
(5.318 - 18.792],[1 - 2],(5.0 - 9.0],(24.8 - 29.0],17.791
(1.071 - 2.033],[1 - 2],[0.0 - 1.0],(16.0 - 20.0],18.687
(1.071 - 2.033],(2 - 3],(1.0 - 2.0],(20.0 - 24.8],25.155
(5.318 - 18.792],[1 - 2],[0.0 - 1.0],[0.0 - 4.0],56.348
(0.335 - 0.411],[1 - 2],(5.0 - 9.0],(16.0 - 20.0],26.396
(0.522 - 0.713],(2 - 3],[0.0 - 1.0],[0.0 - 4.0],102.281
(1.071 - 2.033],[1 - 2],(1.0 - 2.0],(24.8 - 29.0],10.818
(0.713 - 1.071],[1 - 2],(1.0 - 2.0],(10.0 - 13.0],48.164
(0.522 - 0.713],(3 - 4],(9.0 - 14.0],[0.0 - 4.0],62.57
(0.335 - 0.411],(3 - 4],(14.0 - 93.0],[0.0 - 4.0],65.751
(0.335 - 0.411],[1 - 2],[0.0 - 1.0],(4.0 - 7.0],48.185
(1.071 - 2.033],[1 - 2],[0.0 - 1.0],(24.8 - 29.0],3.94
(0.522 - 0.713],[1 - 2],(2.0 - 3.0],[0.0 - 4.0],47.295
(0.522 - 0.713],(2 - 3],(1.0 - 2.0],(13.0 - 16.0],32.805
(1.071 - 2.033],[1 - 2],(14.0 - 93.0],[0.0 - 4.0],39.978
(0.522 - 0.713],[1 - 2],[0.0 - 1.0],(10.0 - 13.0],11.309
(1.071 - 2.033],[1 - 2],(1.0 - 2.0],(24.8 - 29.0],12.418
(0.335 - 0.411],[1 - 2],(5.0 - 9.0],(24.8 - 29.0],27.365
(2.033 - 5.318],[1 - 2],(2.0 - 3.0],(35.0 - 59.0],26.034
(1.071 - 2.033],[1 - 2],(1.0 - 2.0],(7.0 - 10.0],31.994
(0.522 - 0.713],[1 - 2],[0.0 - 1.0],(35.0 - 59.0],9.989
(2.033 - 5.318],[1 - 2],(5.0 - 9.0],(13.0 - 16.0],16.258
(2.033 - 5.318],(2 - 3],(9.0 - 14.0],(13.0 - 16.0],21.964
(0.522 - 0.713],[1 - 2],[0.0 - 1.0],(20.0 - 24.8],8.06
(0.522 - 0.713],[1 - 2],(5.0 - 9.0],(16.0 - 20.0],15.902
(0.335 - 0.411],(3 - 4],[0.0 - 1.0],(4.0 - 7.0],76.578
(0.713 - 1.071],(2 - 3],(1.0 - 2.0],(13.0 - 16.0],74.898
(0.411 - 0.522],(3 - 4],(5.0 - 9.0],(10.0 - 13.0],78.484
(2.033 - 5.318],[1 - 2],(5.0 - 9.0],(13.0 - 16.0],15.437
(2.033 - 5.318],[1 - 2],(2.0 - 3.0],(10.0 - 13.0],25.449
(0.522 - 0.713],[1 - 2],(9.0 - 14.0],(7.0 - 10.0],47.035
(0.713 - 1.071],(2 - 3],(5.0 - 9.0],(13.0 - 16.0],49.886
(2.033 - 5.318],(3 - 4],(1.0 - 2.0],(24.8 - 29.0],27.785
(1.071 - 2.033],[1 - 2],[0.0 - 1.0],(24.8 - 29.0],6.829
(0.411 - 0.522],[1 - 2],(2.0 - 3.0],(10.0 - 13.0],51.159
(1.071 - 2.033],[1 - 2],(1.0 - 2.0],[0.0 - 4.0],52.881
(1.071 - 2.033],[1 - 2],(1.0 - 2.0],(35.0 - 59.0],18.144
(0.522 - 0.713],[1 - 2],[0.0 - 1.0],(7.0 - 10.0],57.902
(0.411 - 0.522],(2 - 3],[0.0 - 1.0],(4.0 - 7.0],80.785
(1.071 - 2.033],(3 - 4],[0.0 - 1.0],(4.0 - 7.0],81.515
(1.071 - 2.033],(3 - 4],(9.0 - 14.0],(4.0 - 7.0],39.958
(2.033 - 5.318],[1 - 2],(5.0 - 9.0],(13.0 - 16.0],25.793
(0.335 - 0.411],(2 - 3],(5.0 - 9.0],(16.0 - 20.0],23.289
(0.335 - 0.411],[1 - 2],(1.0 - 2.0],(13.0 - 16.0],10.119
(0.713 - 1.071],(3 - 4],(14.0 - 93.0],(10.0 - 13.0],58.968
(1.071 - 2.033],(2 - 3],(9.0 - 14.0],(4.0 - 7.0],60.159
(0.522 - 0.713],[1 - 2],[0.0 - 1.0],(35.0 - 59.0],16.526
(0.335 - 0.411],[1 - 2],(5.0 - 9.0],(20.0 - 24.8],20.071
(1.071 - 2.033],[1 - 2],[0.0 - 1.0],(4.0 - 7.0],39.616
(0.522 - 0.713],[1 - 2],(1.0 - 2.0],(35.0 - 59.0],12.493
(0.411 - 0.522],[1 - 2],(14.0 - 93.0],(7.0 - 10.0],34.43
(0.713 - 1.071],[1 - 2],(2.0 - 3.0],(7.0 - 10.0],11.277
(1.071 - 2.033],[1 - 2],(14.0 - 93.0],[0.0 - 4.0],33.658
(0.522 - 0.713],[1 - 2],[0.0 - 1.0],(10.0 - 13.0],29.51
(0.522 - 0.713],(3 - 4],(9.0 - 14.0],(4.0 - 7.0],57.724
(0.713 - 1.071],[1 - 2],(3.0 - 5.0],(29.0 - 35.0],21.878
(0.713 - 1.071],(2 - 3],(9.0 - 14.0],(4.0 - 7.0],67.461
(0.411 - 0.522],(2 - 3],[0.0 - 1.0],[0.0 - 4.0],64.301
(0.335 - 0.411],[1 - 2],[0.0 - 1.0],(4.0 - 7.0],16.994
(0.335 - 0.411],(2 - 3],(5.0 - 9.0],(7.0 - 10.0],23.535
(0.522 - 0.713],(2 - 3],(9.0 - 14.0],(10.0 - 13.0],54.831
(0.335 - 0.411],[1 - 2],(3.0 - 5.0],(7.0 - 10.0],46.529
(0.411 - 0.522],(2 - 3],(14.0 - 93.0],(16.0 - 20.0],38.626
(0.522 - 0.713],(2 - 3],[0.0 - 1.0],(7.0 - 10.0],75.187
(0.522 - 0.713],[1 - 2],(14.0 - 93.0],(4.0 - 7.0],36.894
(0.713 - 1.071],(2 - 3],[0.0 - 1.0],(13.0 - 16.0],53.733
(0.335 - 0.411],(3 - 4],(14.0 - 93.0],(7.0 - 10.0],44.284
(0.522 - 0.713],(3 - 4],(5.0 - 9.0],(10.0 - 13.0],74.803
(0.411 - 0.522],[1 - 2],(2.0 - 3.0],(10.0 - 13.0],18.579
(0.522 - 0.713],(3 - 4],(1.0 - 2.0],(4.0 - 7.0],73.131
(0.411 - 0.522],[1 - 2],(5.0 - 9.0],(4.0 - 7.0],35.833
(0.522 - 0.713],[1 - 2],(9.0 - 14.0],(10.0 - 13.0],20.231
(0.411 - 0.522],[1 - 2],(2.0 - 3.0],(4.0 - 7.0],49.814
(0.335 - 0.411],(3 - 4],(14.0 - 93.0],[0.0 - 4.0],64.346
(0.411 - 0.522],(2 - 3],(14.0 - 93.0],[0.0 - 4.0],79.459
(0.335 - 0.411],(2 - 3],(5.0 - 9.0],(7.0 - 10.0],47.951
(5.318 - 18.792],[1 - 2],[0.0 - 1.0],(10.0 - 13.0],34.967
(0.335 - 0.411],(2 - 3],(1.0 - 2.0],(13.0 - 16.0],69.745
(0.522 - 0.713],[1 - 2],[0.0 - 1.0],(10.0 - 13.0],13.459
(0.335 - 0.411],[1 - 2],[0.0 - 1.0],(35.0 - 59.0],1.221
(0.522 - 0.713],(2 - 3],[0.0 - 1.0],(4.0 - 7.0],44.754
(0.335 - 0.411],(2 - 3],[0.0 - 1.0],(10.0 - 13.0],21.279
(0.411 - 0.522],[1 - 2],(3.0 - 5.0],(10.0 - 13.0],36.187
(0.522 - 0.713],[1 - 2],(9.0 - 14.0],(4.0 - 7.0],16.349
(0.713 - 1.071],(3 - 4],[0.0 - 1.0],(4.0 - 7.0],73.261
(0.713 - 1.071],(2 - 3],(9.0 - 14.0],(13.0 - 16.0],62.225
(0.713 - 1.071],(2 - 3],[0.0 - 1.0],(7.0 - 10.0],54.94
(0.335 - 0.411],[1 - 2],(3.0 - 5.0],(35.0 - 59.0],18.485
(0.411 - 0.522],[1 - 2],(2.0 - 3.0],(4.0 - 7.0],71.105
(18.792 - 30.494],[1 - 2],(3.0 - 5.0],(20.0 - 24.8],21.302
(0.335 - 0.411],[1 - 2],[0.0 - 1.0],[0.0 - 4.0],83.607
(0.713 - 1.071],[1 - 2],[0.0 - 1.0],(16.0 - 20.0],7.552
(2.033 - 5.318],[1 - 2],(1.0 - 2.0],(10.0 - 13.0],15.574
(1.071 - 2.033],[1 - 2],[0.0 - 1.0],(29.0 - 35.0],17.597
(1.071 - 2.033],[1 - 2],(3.0 - 5.0],(7.0 - 10.0],22.167
(1.071 - 2.033],[1 - 2],[0.0 - 1.0],(13.0 - 16.0],18.847
(0.411 - 0.522],[1 - 2],(1.0 - 2.0],(10.0 - 13.0],44.607
(5.318 - 18.792],(2 - 3],(3.0 - 5.0],(16.0 - 20.0],38.215
(0.335 - 0.411],[1 - 2],(9.0 - 14.0],(10.0 - 13.0],21.48
(1.071 - 2.033],(2 - 3],(2.0 - 3.0],(20.0 - 24.8],37.165
(0.411 - 0.522],[1 - 2],(2.0 - 3.0],(4.0 - 7.0],52.978
(0.713 - 1.071],(2 - 3],(5.0 - 9.0],(4.0 - 7.0],38.282
(0.411 - 0.522],[1 - 2],[0.0 - 1.0],(16.0 - 20.0],7.377
(0.335 - 0.411],[1 - 2],(3.0 - 5.0],(13.0 - 16.0],10.975
(0.713 - 1.071],[1 - 2],[0.0 - 1.0],[0.0 - 4.0],52.434
(0.522 - 0.713],[1 - 2],(9.0 - 14.0],(10.0 - 13.0],17.977
(0.522 - 0.713],[1 - 2],(3.0 - 5.0],[0.0 - 4.0],69.032
(0.335 - 0.411],[1 - 2],[0.0 - 1.0],(4.0 - 7.0],23.223
(0.713 - 1.071],(2 - 3],(5.0 - 9.0],(7.0 - 10.0],73.997
(1.071 - 2.033],[1 - 2],(3.0 - 5.0],(16.0 - 20.0],21.37
(1.071 - 2.033],[1 - 2],(2.0 - 3.0],(4.0 - 7.0],70.628
(1.071 - 2.033],(2 - 3],(1.0 - 2.0],(16.0 - 20.0],61.576
(0.335 - 0.411],[1 - 2],(5.0 - 9.0],(4.0 - 7.0],36.335
(0.411 - 0.522],[1 - 2],(14.0 - 93.0],(4.0 - 7.0],30.156
(0.411 - 0.522],[1 - 2],(3.0 - 5.0],(10.0 - 13.0],49.167
(2.033 - 5.318],[1 - 2],(1.0 - 2.0],(16.0 - 20.0],24.313
(0.522 - 0.713],(3 - 4],(14.0 - 93.0],(7.0 - 10.0],65.815
(0.411 - 0.522],(2 - 3],(3.0 - 5.0],[0.0 - 4.0],63.009
(0.335 - 0.411],[1 - 2],(9.0 - 14.0],(7.0 - 10.0],28.294
(0.411 - 0.522],[1 - 2],(3.0 - 5.0],(10.0 - 13.0],30.366
(0.411 - 0.522],[1 - 2],[0.0 - 1.0],(35.0 - 59.0],19.389
(0.335 - 0.411],[1 - 2],(14.0 - 93.0],[0.0 - 4.0],50.09
(0.713 - 1.071],[1 - 2],(1.0 - 2.0],(10.0 - 13.0],22.141
(1.071 - 2.033],[1 - 2],(5.0 - 9.0],(10.0 - 13.0],21.356
(0.411 - 0.522],(2 - 3],(5.0 - 9.0],[0.0 - 4.0],74.078
(0.411 - 0.522],[1 - 2],[0.0 - 1.0],(20.0 - 24.8],9.37
(0.713 - 1.071],[1 - 2],(5.0 - 9.0],(29.0 - 35.0],16.78
(5.318 - 18.792],(3 - 4],(9.0 - 14.0],(29.0 - 35.0],25.912
(0.522 - 0.713],[1 - 2],(3.0 - 5.0],(7.0 - 10.0],45.144
(0.713 - 1.071],(2 - 3],[0.0 - 1.0],[0.0 - 4.0],89.725
(0.411 - 0.522],(3 - 4],(3.0 - 5.0],(16.0 - 20.0],57.441
(0.411 - 0.522],[1 - 2],(5.0 - 9.0],(4.0 - 7.0],32.63
(0.713 - 1.071],[1 - 2],(1.0 - 2.0],(7.0 - 10.0],13.817
(0.713 - 1.071],[1 - 2],(3.0 - 5.0],(35.0 - 59.0],16.392
(1.071 - 2.033],[1 - 2],[0.0 - 1.0],(29.0 - 35.0],8.834
(1.071 - 2.033],[1 - 2],[0.0 - 1.0],(7.0 - 10.0],38.43
(0.335 - 0.411],(3 - 4],[0.0 - 1.0],(13.0 - 16.0],67.206
(0.522 - 0.713],(2 - 3],[0.0 - 1.0],(7.0 - 10.0],34.591
(2.033 - 5.318],[1 - 2],(1.0 - 2.0],(24.8 - 29.0],13.89
(0.411 - 0.522],[1 - 2],[0.0 - 1.0],[0.0 - 4.0],71.518
(0.335 - 0.411],[1 - 2],[0.0 - 1.0],(4.0 - 7.0],49.544
(0.411 - 0.522],(2 - 3],(9.0 - 14.0],[0.0 - 4.0],53.396
(0.411 - 0.522],(2 - 3],(3.0 - 5.0],(10.0 - 13.0],74.374
(1.071 - 2.033],[1 - 2],(3.0 - 5.0],(16.0 - 20.0],11.139
(0.522 - 0.713],(2 - 3],[0.0 - 1.0],(7.0 - 10.0],86.456
(0.411 - 0.522],(2 - 3],(14.0 - 93.0],(10.0 - 13.0],25.845
(2.033 - 5.318],[1 - 2],(5.0 - 9.0],(10.0 - 13.0],28.98
(0.411 - 0.522],(2 - 3],(14.0 - 93.0],(16.0 - 20.0],46.653
(1.071 - 2.033],[1 - 2],(2.0 - 3.0],(13.0 - 16.0],11.219
(0.522 - 0.713],[1 - 2],(9.0 - 14.0],(13.0 - 16.0],28.893
(0.335 - 0.411],(2 - 3],(1.0 - 2.0],(4.0 - 7.0],59.828
(2.033 - 5.318],[1 - 2],[0.0 - 1.0],(35.0 - 59.0],15.234
(0.713 - 1.071],[1 - 2],[0.0 - 1.0],(35.0 - 59.0],12.476
(0.713 - 1.071],[1 - 2],(5.0 - 9.0],(4.0 - 7.0],41.647
(1.071 - 2.033],[1 - 2],(1.0 - 2.0],(16.0 - 20.0],14.029
(0.713 - 1.071],[1 - 2],[0.0 - 1.0],(4.0 - 7.0],46.462
(0.522 - 0.713],(2 - 3],(14.0 - 93.0],(7.0 - 10.0],40.039
(2.033 - 5.318],[1 - 2],[0.0 - 1.0],(13.0 - 16.0],38.743
(0.522 - 0.713],[1 - 2],(5.0 - 9.0],(13.0 - 16.0],33.31
(0.411 - 0.522],[1 - 2],(14.0 - 93.0],[0.0 - 4.0],84.037
(0.411 - 0.522],[1 - 2],(1.0 - 2.0],(24.8 - 29.0],9.89
(0.522 - 0.713],(2 - 3],(9.0 - 14.0],(4.0 - 7.0],19.994
(0.335 - 0.411],(2 - 3],(3.0 - 5.0],(16.0 - 20.0],21.582
(0.411 - 0.522],(2 - 3],(5.0 - 9.0],(7.0 - 10.0],69.047
(0.522 - 0.713],[1 - 2],(2.0 - 3.0],[0.0 - 4.0],50.821
(0.335 - 0.411],[1 - 2],[0.0 - 1.0],(29.0 - 35.0],17.725
(0.335 - 0.411],(2 - 3],(3.0 - 5.0],(7.0 - 10.0],54.734
(0.522 - 0.713],(2 - 3],(2.0 - 3.0],(4.0 - 7.0],74.41
(0.411 - 0.522],[1 - 2],[0.0 - 1.0],(13.0 - 16.0],13.231
(1.071 - 2.033],(3 - 4],(3.0 - 5.0],(4.0 - 7.0],49.282
(0.522 - 0.713],[1 - 2],(3.0 - 5.0],(16.0 - 20.0],20.344
(0.335 - 0.411],[1 - 2],(2.0 - 3.0],(20.0 - 24.8],19.306
(0.335 - 0.411],[1 - 2],(2.0 - 3.0],(10.0 - 13.0],68.134
(1.071 - 2.033],[1 - 2],[0.0 - 1.0],[0.0 - 4.0],83.424
(0.522 - 0.713],(2 - 3],(5.0 - 9.0],(4.0 - 7.0],52.334
(0.713 - 1.071],[1 - 2],[0.0 - 1.0],[0.0 - 4.0],80.28
(1.071 - 2.033],[1 - 2],[0.0 - 1.0],(16.0 - 20.0],15.585
(0.522 - 0.713],[1 - 2],(9.0 - 14.0],(4.0 - 7.0],48.103
(5.318 - 18.792],[1 - 2],[0.0 - 1.0],(29.0 - 35.0],8.745
(0.411 - 0.522],(2 - 3],(9.0 - 14.0],(4.0 - 7.0],65.226
(1.071 - 2.033],(3 - 4],(3.0 - 5.0],(7.0 - 10.0],36.936
(0.713 - 1.071],(3 - 4],[0.0 - 1.0],(4.0 - 7.0],50.904
(0.522 - 0.713],[1 - 2],(1.0 - 2.0],(4.0 - 7.0],27.832
(1.071 - 2.033],(3 - 4],(14.0 - 93.0],(7.0 - 10.0],71.678
(0.713 - 1.071],(2 - 3],(5.0 - 9.0],(4.0 - 7.0],56.567
(0.713 - 1.071],(3 - 4],(9.0 - 14.0],(10.0 - 13.0],48.656
(0.335 - 0.411],(2 - 3],[0.0 - 1.0],[0.0 - 4.0],81.862
(0.411 - 0.522],[1 - 2],[0.0 - 1.0],[0.0 - 4.0],80.789
(0.713 - 1.071],(2 - 3],(14.0 - 93.0],(4.0 - 7.0],45.047
(0.522 - 0.713],(3 - 4],(3.0 - 5.0],(4.0 - 7.0],75.36
(0.335 - 0.411],[1 - 2],[0.0 - 1.0],[0.0 - 4.0],18.518
(1.071 - 2.033],(2 - 3],(14.0 - 93.0],(7.0 - 10.0],52.202
(0.522 - 0.713],[1 - 2],[0.0 - 1.0],[0.0 - 4.0],70.884
(1.071 - 2.033],[1 - 2],(3.0 - 5.0],(10.0 - 13.0],33.534
(0.713 - 1.071],(3 - 4],(9.0 - 14.0],(10.0 - 13.0],66.124
(1.071 - 2.033],(2 - 3],(14.0 - 93.0],(7.0 - 10.0],57.929
(0.713 - 1.071],[1 - 2],[0.0 - 1.0],(35.0 - 59.0],9.642
(2.033 - 5.318],(2 - 3],[0.0 - 1.0],(24.8 - 29.0],17.404
(1.071 - 2.033],[1 - 2],(3.0 - 5.0],(7.0 - 10.0],41.035
(2.033 - 5.318],[1 - 2],(2.0 - 3.0],(24.8 - 29.0],26.801
(0.335 - 0.411],(2 - 3],[0.0 - 1.0],(7.0 - 10.0],37.047
(0.522 - 0.713],(2 - 3],[0.0 - 1.0],(16.0 - 20.0],27.582
(0.335 - 0.411],(3 - 4],(14.0 - 93.0],(10.0 - 13.0],62.136
(1.071 - 2.033],[1 - 2],[0.0 - 1.0],(10.0 - 13.0],15.318
(2.033 - 5.318],[1 - 2],[0.0 - 1.0],(4.0 - 7.0],29.385
(0.713 - 1.071],[1 - 2],(9.0 - 14.0],(16.0 - 20.0],22.645
(0.713 - 1.071],(2 - 3],(14.0 - 93.0],[0.0 - 4.0],65.169
(0.522 - 0.713],[1 - 2],[0.0 - 1.0],(4.0 - 7.0],67.07
(0.713 - 1.071],[1 - 2],(5.0 - 9.0],[0.0 - 4.0],95.594
(0.713 - 1.071],[1 - 2],(3.0 - 5.0],[0.0 - 4.0],61.694
(0.335 - 0.411],[1 - 2],(5.0 - 9.0],(13.0 - 16.0],40.632
(0.713 - 1.071],[1 - 2],[0.0 - 1.0],(7.0 - 10.0],42.984
(0.522 - 0.713],[1 - 2],[0.0 - 1.0],(10.0 - 13.0],7.546
(1.071 - 2.033],[1 - 2],[0.0 - 1.0],(10.0 - 13.0],11.742
(0.335 - 0.411],[1 - 2],[0.0 - 1.0],(13.0 - 16.0],15.514
(0.713 - 1.071],[1 - 2],[0.0 - 1.0],(10.0 - 13.0],60.142
(0.713 - 1.071],[1 - 2],(3.0 - 5.0],(24.8 - 29.0],22.353
(0.411 - 0.522],[1 - 2],[0.0 - 1.0],(20.0 - 24.8],71.58
(0.335 - 0.411],(2 - 3],(5.0 - 9.0],[0.0 - 4.0],70.717
(1.071 - 2.033],[1 - 2],(5.0 - 9.0],(13.0 - 16.0],22.746
(0.411 - 0.522],[1 - 2],[0.0 - 1.0],(13.0 - 16.0],23.072
(0.522 - 0.713],[1 - 2],(14.0 - 93.0],[0.0 - 4.0],63.858
(0.335 - 0.411],[1 - 2],(9.0 - 14.0],(29.0 - 35.0],14.189
(1.071 - 2.033],[1 - 2],[0.0 - 1.0],(7.0 - 10.0],5.467
(0.713 - 1.071],[1 - 2],(1.0 - 2.0],(10.0 - 13.0],6.233
(1.071 - 2.033],(2 - 3],(14.0 - 93.0],[0.0 - 4.0],76.803
(0.713 - 1.071],[1 - 2],(5.0 - 9.0],(16.0 - 20.0],15.848
(0.335 - 0.411],[1 - 2],(5.0 - 9.0],(4.0 - 7.0],21.722
(0.335 - 0.411],[1 - 2],(9.0 - 14.0],[0.0 - 4.0],66.359
(0.335 - 0.411],[1 - 2],(2.0 - 3.0],(7.0 - 10.0],32.665
(0.335 - 0.411],[1 - 2],[0.0 - 1.0],[0.0 - 4.0],87.961
(2.033 - 5.318],[1 - 2],(9.0 - 14.0],(20.0 - 24.8],26.526
(0.411 - 0.522],(2 - 3],(14.0 - 93.0],(7.0 - 10.0],39.078
(0.713 - 1.071],[1 - 2],[0.0 - 1.0],[0.0 - 4.0],53.629
(0.335 - 0.411],(3 - 4],(9.0 - 14.0],(13.0 - 16.0],35.889
(2.033 - 5.318],[1 - 2],(1.0 - 2.0],(10.0 - 13.0],15.927
(0.335 - 0.411],[1 - 2],[0.0 - 1.0],(7.0 - 10.0],14.802
(0.411 - 0.522],[1 - 2],(14.0 - 93.0],[0.0 - 4.0],49.533
(0.713 - 1.071],[1 - 2],(14.0 - 93.0],[0.0 - 4.0],72.634
(0.713 - 1.071],[1 - 2],(5.0 - 9.0],(13.0 - 16.0],34.826
(0.713 - 1.071],(3 - 4],(9.0 - 14.0],[0.0 - 4.0],65.901
(0.522 - 0.713],(3 - 4],(1.0 - 2.0],(4.0 - 7.0],70.613
(0.335 - 0.411],[1 - 2],(2.0 - 3.0],(7.0 - 10.0],34.159
(0.411 - 0.522],(3 - 4],(14.0 - 93.0],(7.0 - 10.0],61.289
(2.033 - 5.318],(4 - 5],(9.0 - 14.0],(7.0 - 10.0],75.248
(0.411 - 0.522],(5 - 7],(9.0 - 14.0],[0.0 - 4.0],69.79
(0.335 - 0.411],(4 - 5],[0.0 - 1.0],[0.0 - 4.0],87.644
(0.713 - 1.071],(4 - 5],(9.0 - 14.0],(4.0 - 7.0],60.905
(0.522 - 0.713],(4 - 5],(9.0 - 14.0],(13.0 - 16.0],79.449
(5.318 - 18.792],(4 - 5],[0.0 - 1.0],(10.0 - 13.0],20.672
(1.071 - 2.033],(4 - 5],(9.0 - 14.0],(10.0 - 13.0],75.028
(1.071 - 2.033],(4 - 5],(9.0 - 14.0],[0.0 - 4.0],80.03
(0.411 - 0.522],(4 - 5],(9.0 - 14.0],[0.0 - 4.0],75.58
(0.713 - 1.071],(5 - 7],(5.0 - 9.0],[0.0 - 4.0],72.495
(0.522 - 0.713],(4 - 5],(14.0 - 93.0],(13.0 - 16.0],58.767
(0.411 - 0.522],(4 - 5],(5.0 - 9.0],[0.0 - 4.0],72.154
(0.335 - 0.411],(5 - 7],(14.0 - 93.0],[0.0 - 4.0],59.775
(0.411 - 0.522],(5 - 7],(14.0 - 93.0],[0.0 - 4.0],57.485
(0.713 - 1.071],(7 - 10],(5.0 - 9.0],(7.0 - 10.0],93.313
(0.335 - 0.411],(5 - 7],(3.0 - 5.0],(4.0 - 7.0],72.561
(0.522 - 0.713],(4 - 5],(5.0 - 9.0],(10.0 - 13.0],64.586
(1.071 - 2.033],(4 - 5],[0.0 - 1.0],(13.0 - 16.0],32.847
(0.713 - 1.071],(4 - 5],(9.0 - 14.0],(16.0 - 20.0],44.285
(0.522 - 0.713],(4 - 5],(14.0 - 93.0],(7.0 - 10.0],86.899
(2.033 - 5.318],(4 - 5],[0.0 - 1.0],(10.0 - 13.0],18.779
(1.071 - 2.033],(4 - 5],[0.0 - 1.0],(13.0 - 16.0],18.099
(0.522 - 0.713],(4 - 5],[0.0 - 1.0],(10.0 - 13.0],79.941
(0.335 - 0.411],(4 - 5],(5.0 - 9.0],(4.0 - 7.0],70.021
(0.335 - 0.411],(5 - 7],(14.0 - 93.0],(7.0 - 10.0],73.24
(1.071 - 2.033],(4 - 5],(1.0 - 2.0],[0.0 - 4.0],84.344
(2.033 - 5.318],(5 - 7],(2.0 - 3.0],(4.0 - 7.0],38.124
(2.033 - 5.318],(4 - 5],(9.0 - 14.0],(7.0 - 10.0],79.75
(1.071 - 2.033],(5 - 7],(14.0 - 93.0],(7.0 - 10.0],51.528
(0.713 - 1.071],(4 - 5],(5.0 - 9.0],[0.0 - 4.0],92.202
(0.411 - 0.522],(4 - 5],(5.0 - 9.0],(4.0 - 7.0],66.613
(1.071 - 2.033],(5 - 7],(14.0 - 93.0],(10.0 - 13.0],53.756
(0.522 - 0.713],(4 - 5],[0.0 - 1.0],(13.0 - 16.0],90.266
(0.522 - 0.713],(5 - 7],(5.0 - 9.0],(10.0 - 13.0],36.187
(0.522 - 0.713],(7 - 10],(9.0 - 14.0],(16.0 - 20.0],93.413
(0.411 - 0.522],(5 - 7],(5.0 - 9.0],(4.0 - 7.0],65.019
(1.071 - 2.033],(5 - 7],(5.0 - 9.0],[0.0 - 4.0],91.828
(0.411 - 0.522],(5 - 7],(14.0 - 93.0],[0.0 - 4.0],57.586
(0.335 - 0.411],(5 - 7],(3.0 - 5.0],(4.0 - 7.0],74.323
(1.071 - 2.033],(4 - 5],[0.0 - 1.0],(20.0 - 24.8],31.087
(0.335 - 0.411],(4 - 5],(14.0 - 93.0],(4.0 - 7.0],79.14
(0.411 - 0.522],(4 - 5],(14.0 - 93.0],[0.0 - 4.0],78.793
(0.411 - 0.522],(4 - 5],[0.0 - 1.0],(16.0 - 20.0],27.489
(2.033 - 5.318],(5 - 7],(14.0 - 93.0],(13.0 - 16.0],41.346
(0.335 - 0.411],(7 - 10],(9.0 - 14.0],[0.0 - 4.0],80.311
(0.335 - 0.411],(7 - 10],(14.0 - 93.0],[0.0 - 4.0],81.461
(1.071 - 2.033],(7 - 10],(9.0 - 14.0],(7.0 - 10.0],54.644
(0.713 - 1.071],(5 - 7],(14.0 - 93.0],[0.0 - 4.0],86.036
(0.522 - 0.713],(4 - 5],(14.0 - 93.0],[0.0 - 4.0],69.986
(0.522 - 0.713],(4 - 5],(14.0 - 93.0],[0.0 - 4.0],61.665
(0.335 - 0.411],(7 - 10],(14.0 - 93.0],(4.0 - 7.0],61.398
(2.033 - 5.318],(4 - 5],(9.0 - 14.0],(10.0 - 13.0],87.606
(0.411 - 0.522],(3 - 4],(5.0 - 9.0],[0.0 - 4.0],79.56
(0.335 - 0.411],(4 - 5],(14.0 - 93.0],[0.0 - 4.0],70.174
(0.335 - 0.411],(4 - 5],(14.0 - 93.0],[0.0 - 4.0],96.297
(0.335 - 0.411],(7 - 10],(14.0 - 93.0],(7.0 - 10.0],83.525
(0.335 - 0.411],(5 - 7],(14.0 - 93.0],(4.0 - 7.0],54.131
(0.713 - 1.071],(3 - 4],(3.0 - 5.0],[0.0 - 4.0],65.556
(0.713 - 1.071],(7 - 10],(3.0 - 5.0],[0.0 - 4.0],78.498
(0.335 - 0.411],(5 - 7],(9.0 - 14.0],[0.0 - 4.0],75.144
(0.522 - 0.713],(4 - 5],(9.0 - 14.0],[0.0 - 4.0],54.243
(0.411 - 0.522],(5 - 7],(14.0 - 93.0],[0.0 - 4.0],108.181
(2.033 - 5.318],(4 - 5],(3.0 - 5.0],[0.0 - 4.0],87.549
(1.071 - 2.033],(4 - 5],(9.0 - 14.0],(4.0 - 7.0],58.728
(1.071 - 2.033],(7 - 10],(9.0 - 14.0],(10.0 - 13.0],80.838
(0.713 - 1.071],(4 - 5],(5.0 - 9.0],[0.0 - 4.0],61.094
(0.522 - 0.713],(4 - 5],[0.0 - 1.0],[0.0 - 4.0],80.92
(0.713 - 1.071],(4 - 5],(14.0 - 93.0],(4.0 - 7.0],53.685
(0.411 - 0.522],(4 - 5],[0.0 - 1.0],(13.0 - 16.0],46.273
(0.522 - 0.713],(5 - 7],(2.0 - 3.0],(10.0 - 13.0],69.874
(18.792 - 30.494],(5 - 7],[0.0 - 1.0],(20.0 - 24.8],10.305
(1.071 - 2.033],(4 - 5],(5.0 - 9.0],(10.0 - 13.0],47.304
(0.713 - 1.071],(4 - 5],(9.0 - 14.0],(4.0 - 7.0],73.225
(0.411 - 0.522],(5 - 7],(14.0 - 93.0],(4.0 - 7.0],51.669
(0.522 - 0.713],(4 - 5],(14.0 - 93.0],[0.0 - 4.0],51.064
(0.411 - 0.522],(4 - 5],(14.0 - 93.0],[0.0 - 4.0],88.076
(0.335 - 0.411],(5 - 7],[0.0 - 1.0],(7.0 - 10.0],57.613
(0.335 - 0.411],(2 - 3],(14.0 - 93.0],[0.0 - 4.0],38.543
(0.335 - 0.411],(4 - 5],(5.0 - 9.0],[0.0 - 4.0],80.108
(0.522 - 0.713],(4 - 5],[0.0 - 1.0],(4.0 - 7.0],71.838
(0.522 - 0.713],(4 - 5],(1.0 - 2.0],(7.0 - 10.0],66.852
(1.071 - 2.033],(4 - 5],(5.0 - 9.0],(7.0 - 10.0],77.441
(1.071 - 2.033],(4 - 5],(1.0 - 2.0],[0.0 - 4.0],84.68
(0.522 - 0.713],(4 - 5],(14.0 - 93.0],(7.0 - 10.0],58.608
(0.522 - 0.713],(4 - 5],(9.0 - 14.0],(7.0 - 10.0],74.469
(0.713 - 1.071],(4 - 5],(9.0 - 14.0],[0.0 - 4.0],80.605
(0.411 - 0.522],(7 - 10],[0.0 - 1.0],[0.0 - 4.0],97.046
(0.713 - 1.071],(4 - 5],(1.0 - 2.0],[0.0 - 4.0],88.359
(0.713 - 1.071],(3 - 4],(1.0 - 2.0],(10.0 - 13.0],33.836
(2.033 - 5.318],(4 - 5],(3.0 - 5.0],(20.0 - 24.8],30.802
(0.713 - 1.071],(4 - 5],(9.0 - 14.0],(7.0 - 10.0],72.997
(0.522 - 0.713],(5 - 7],(14.0 - 93.0],(7.0 - 10.0],84.372
(0.522 - 0.713],(4 - 5],(2.0 - 3.0],(10.0 - 13.0],57.527
(0.335 - 0.411],(5 - 7],(14.0 - 93.0],(13.0 - 16.0],51.539
(0.713 - 1.071],(7 - 10],(5.0 - 9.0],(7.0 - 10.0],77.392
(0.335 - 0.411],(4 - 5],(14.0 - 93.0],[0.0 - 4.0],60.114
(0.411 - 0.522],(7 - 10],(9.0 - 14.0],(4.0 - 7.0],98.245
(0.411 - 0.522],(5 - 7],(9.0 - 14.0],(4.0 - 7.0],92.792
(0.335 - 0.411],(5 - 7],(9.0 - 14.0],[0.0 - 4.0],74.265
(1.071 - 2.033],(7 - 10],(14.0 - 93.0],(4.0 - 7.0],61.508
(5.318 - 18.792],(4 - 5],(2.0 - 3.0],(10.0 - 13.0],45.907
(0.411 - 0.522],(7 - 10],(1.0 - 2.0],(13.0 - 16.0],94.683
(0.411 - 0.522],(5 - 7],(14.0 - 93.0],[0.0 - 4.0],60.127
(0.522 - 0.713],(4 - 5],[0.0 - 1.0],(24.8 - 29.0],65.289
(0.713 - 1.071],(5 - 7],[0.0 - 1.0],(4.0 - 7.0],80.87
(0.713 - 1.071],(7 - 10],(3.0 - 5.0],(4.0 - 7.0],93.77
(30.494 - 34.87],(2 - 3],[0.0 - 1.0],(16.0 - 20.0],24.002
(5.318 - 18.792],(2 - 3],[0.0 - 1.0],(13.0 - 16.0],12.411
(30.494 - 34.87],(2 - 3],(3.0 - 5.0],(29.0 - 35.0],31.556
(18.792 - 30.494],(2 - 3],(5.0 - 9.0],(20.0 - 24.8],24.809
(30.494 - 34.87],(2 - 3],[0.0 - 1.0],(24.8 - 29.0],14.417
(18.792 - 30.494],(2 - 3],[0.0 - 1.0],(24.8 - 29.0],11.027
(30.494 - 34.87],(2 - 3],(5.0 - 9.0],(24.8 - 29.0],20.352
(18.792 - 30.494],(2 - 3],[0.0 - 1.0],(20.0 - 24.8],12.384
(30.494 - 34.87],(2 - 3],[0.0 - 1.0],(29.0 - 35.0],7.962
(30.494 - 34.87],(2 - 3],[0.0 - 1.0],(29.0 - 35.0],7.472
(30.494 - 34.87],(2 - 3],(5.0 - 9.0],(13.0 - 16.0],25.417
(5.318 - 18.792],(2 - 3],[0.0 - 1.0],(24.8 - 29.0],11.283
(30.494 - 34.87],(2 - 3],(1.0 - 2.0],(24.8 - 29.0],15.21
(30.494 - 34.87],(2 - 3],[0.0 - 1.0],(35.0 - 59.0],8.683
(5.318 - 18.792],(2 - 3],[0.0 - 1.0],(10.0 - 13.0],22.959
(30.494 - 34.87],(2 - 3],[0.0 - 1.0],(35.0 - 59.0],8.222
(30.494 - 34.87],(2 - 3],[0.0 - 1.0],(35.0 - 59.0],50.366
(30.494 - 34.87],(2 - 3],[0.0 - 1.0],(29.0 - 35.0],13.395
(30.494 - 34.87],(2 - 3],(2.0 - 3.0],(20.0 - 24.8],22.739
(30.494 - 34.87],(2 - 3],[0.0 - 1.0],(20.0 - 24.8],30.317
(5.318 - 18.792],(2 - 3],[0.0 - 1.0],(10.0 - 13.0],39.331
(30.494 - 34.87],(2 - 3],[0.0 - 1.0],(29.0 - 35.0],60.001
(30.494 - 34.87],(2 - 3],[0.0 - 1.0],(35.0 - 59.0],8.816
(30.494 - 34.87],(2 - 3],(2.0 - 3.0],(29.0 - 35.0],22.542
(18.792 - 30.494],(2 - 3],[0.0 - 1.0],(29.0 - 35.0],11.663
(30.494 - 34.87],(2 - 3],[0.0 - 1.0],(29.0 - 35.0],12.343
(30.494 - 34.87],(2 - 3],(3.0 - 5.0],(20.0 - 24.8],22.061
(30.494 - 34.87],(2 - 3],(2.0 - 3.0],(29.0 - 35.0],19.685
(30.494 - 34.87],(2 - 3],[0.0 - 1.0],(35.0 - 59.0],8.661
(30.494 - 34.87],(2 - 3],(2.0 - 3.0],(35.0 - 59.0],10.639
(30.494 - 34.87],(2 - 3],[0.0 - 1.0],(20.0 - 24.8],12.932
(30.494 - 34.87],(2 - 3],[0.0 - 1.0],(24.8 - 29.0],10.831
(18.792 - 30.494],(2 - 3],[0.0 - 1.0],(35.0 - 59.0],3.85
(18.792 - 30.494],(2 - 3],[0.0 - 1.0],(35.0 - 59.0],15.339
(18.792 - 30.494],(2 - 3],[0.0 - 1.0],(35.0 - 59.0],5.269
(5.318 - 18.792],(2 - 3],[0.0 - 1.0],(20.0 - 24.8],7.654
(18.792 - 30.494],(2 - 3],[0.0 - 1.0],(16.0 - 20.0],15.446
(30.494 - 34.87],(2 - 3],[0.0 - 1.0],(35.0 - 59.0],6.2
(30.494 - 34.87],(2 - 3],(1.0 - 2.0],(20.0 - 24.8],15.155
(30.494 - 34.87],(2 - 3],[0.0 - 1.0],(24.8 - 29.0],10.027
(30.494 - 34.87],(2 - 3],[0.0 - 1.0],(35.0 - 59.0],9.592
(5.318 - 18.792],(2 - 3],[0.0 - 1.0],(10.0 - 13.0],40.115
(30.494 - 34.87],(2 - 3],(3.0 - 5.0],(20.0 - 24.8],30.751
(34.87 - 95.677],(2 - 3],[0.0 - 1.0],(24.8 - 29.0],26.706
(34.87 - 95.677],(10 - 41],[0.0 - 1.0],(29.0 - 35.0],38.667
(34.87 - 95.677],(7 - 10],[0.0 - 1.0],(29.0 - 35.0],38.522
(34.87 - 95.677],(10 - 41],[0.0 - 1.0],(24.8 - 29.0],55.055
(34.87 - 95.677],(10 - 41],[0.0 - 1.0],(24.8 - 29.0],45.674
(34.87 - 95.677],(10 - 41],[0.0 - 1.0],(29.0 - 35.0],37.641
(34.87 - 95.677],(10 - 41],[0.0 - 1.0],(20.0 - 24.8],50.334
(34.87 - 95.677],(10 - 41],[0.0 - 1.0],(29.0 - 35.0],38.232
(34.87 - 95.677],(10 - 41],[0.0 - 1.0],(20.0 - 24.8],34.809
(34.87 - 95.677],(10 - 41],[0.0 - 1.0],(29.0 - 35.0],42.815
(34.87 - 95.677],(10 - 41],[0.0 - 1.0],(24.8 - 29.0],35.299
(34.87 - 95.677],(10 - 41],[0.0 - 1.0],(29.0 - 35.0],38.049
(34.87 - 95.677],(10 - 41],[0.0 - 1.0],(24.8 - 29.0],58.206
(34.87 - 95.677],(10 - 41],[0.0 - 1.0],(24.8 - 29.0],36.89
(34.87 - 95.677],(10 - 41],(1.0 - 2.0],(20.0 - 24.8],43.635
(34.87 - 95.677],(7 - 10],[0.0 - 1.0],(24.8 - 29.0],47.859
(34.87 - 95.677],(10 - 41],[0.0 - 1.0],(35.0 - 59.0],45.29
(34.87 - 95.677],(10 - 41],[0.0 - 1.0],(29.0 - 35.0],34.363
(34.87 - 95.677],(10 - 41],[0.0 - 1.0],(29.0 - 35.0],41.952
(34.87 - 95.677],(10 - 41],[0.0 - 1.0],(24.8 - 29.0],43.587
(34.87 - 95.677],(10 - 41],[0.0 - 1.0],(24.8 - 29.0],32.176
(34.87 - 95.677],(10 - 41],[0.0 - 1.0],(35.0 - 59.0],37.431
(34.87 - 95.677],(10 - 41],[0.0 - 1.0],(29.0 - 35.0],43.732
(34.87 - 95.677],(10 - 41],(1.0 - 2.0],(24.8 - 29.0],27.279
(34.87 - 95.677],(10 - 41],[0.0 - 1.0],(24.8 - 29.0],37.313
(34.87 - 95.677],(10 - 41],[0.0 - 1.0],(29.0 - 35.0],36.9
(34.87 - 95.677],(10 - 41],[0.0 - 1.0],(20.0 - 24.8],36.038
(34.87 - 95.677],(7 - 10],[0.0 - 1.0],(24.8 - 29.0],30.665
(34.87 - 95.677],(10 - 41],[0.0 - 1.0],(24.8 - 29.0],33.56
(34.87 - 95.677],(7 - 10],[0.0 - 1.0],(24.8 - 29.0],52.886
(34.87 - 95.677],(10 - 41],[0.0 - 1.0],(20.0 - 24.8],31.368
(34.87 - 95.677],(10 - 41],[0.0 - 1.0],(29.0 - 35.0],34.339
(34.87 - 95.677],(10 - 41],[0.0 - 1.0],(24.8 - 29.0],45.676
(34.87 - 95.677],(10 - 41],[0.0 - 1.0],(29.0 - 35.0],39.62
(34.87 - 95.677],(10 - 41],(3.0 - 5.0],(24.8 - 29.0],52.923
(34.87 - 95.677],(10 - 41],[0.0 - 1.0],(16.0 - 20.0],41.328
