D,Spk,OS,SNR,JER
(34.87 - 95.677],(5 - 7],[0.0 - 1.0],(4.0 - 7.0],47.291
(34.87 - 95.677],(4 - 5],[0.0 - 1.0],(20.0 - 24.8],15.421
(34.87 - 95.677],(4 - 5],(2.0 - 3.0],(13.0 - 16.0],56.522
(34.87 - 95.677],(5 - 7],[0.0 - 1.0],(4.0 - 7.0],65.249
(34.87 - 95.677],(5 - 7],[0.0 - 1.0],(4.0 - 7.0],37.553
(34.87 - 95.677],(5 - 7],(1.0 - 2.0],(4.0 - 7.0],48.217
(34.87 - 95.677],(4 - 5],[0.0 - 1.0],(13.0 - 16.0],34.372
(34.87 - 95.677],(5 - 7],(2.0 - 3.0],(4.0 - 7.0],51.397
(34.87 - 95.677],(5 - 7],(1.0 - 2.0],(4.0 - 7.0],55.061
(34.87 - 95.677],(4 - 5],[0.0 - 1.0],(16.0 - 20.0],20.463
(34.87 - 95.677],(5 - 7],[0.0 - 1.0],(7.0 - 10.0],25.643
(34.87 - 95.677],(4 - 5],[0.0 - 1.0],(13.0 - 16.0],24.815
(34.87 - 95.677],(5 - 7],(1.0 - 2.0],(10.0 - 13.0],64.077
(34.87 - 95.677],(5 - 7],[0.0 - 1.0],(4.0 - 7.0],53.131
(34.87 - 95.677],(4 - 5],[0.0 - 1.0],(20.0 - 24.8],13.239
(34.87 - 95.677],(5 - 7],(2.0 - 3.0],(4.0 - 7.0],58.547
(34.87 - 95.677],(4 - 5],[0.0 - 1.0],(20.0 - 24.8],19.898
(34.87 - 95.677],(5 - 7],[0.0 - 1.0],(7.0 - 10.0],72.708
(34.87 - 95.677],(5 - 7],(1.0 - 2.0],(10.0 - 13.0],55.819
(34.87 - 95.677],(4 - 5],[0.0 - 1.0],(13.0 - 16.0],30.785
(5.318 - 18.792],(3 - 4],(3.0 - 5.0],(16.0 - 20.0],45.943
(34.87 - 95.677],(3 - 4],(2.0 - 3.0],(20.0 - 24.8],43.123
(18.792 - 30.494],(3 - 4],(9.0 - 14.0],(24.8 - 29.0],52.613
(30.494 - 34.87],(3 - 4],(3.0 - 5.0],(20.0 - 24.8],24.55
(34.87 - 95.677],(3 - 4],[0.0 - 1.0],(24.8 - 29.0],33.004
(34.87 - 95.677],(3 - 4],(3.0 - 5.0],(24.8 - 29.0],29.93
(34.87 - 95.677],(3 - 4],(14.0 - 93.0],(24.8 - 29.0],52.486
(5.318 - 18.792],(3 - 4],(5.0 - 9.0],(16.0 - 20.0],49.737
(34.87 - 95.677],(2 - 3],(9.0 - 14.0],(29.0 - 35.0],42.596
(18.792 - 30.494],(3 - 4],(2.0 - 3.0],(20.0 - 24.8],22.638
(34.87 - 95.677],(3 - 4],[0.0 - 1.0],(29.0 - 35.0],32.8
(30.494 - 34.87],(3 - 4],(3.0 - 5.0],(20.0 - 24.8],39.371
(34.87 - 95.677],(3 - 4],(14.0 - 93.0],(24.8 - 29.0],57.299
(34.87 - 95.677],(3 - 4],(5.0 - 9.0],(20.0 - 24.8],45.428
(18.792 - 30.494],(3 - 4],[0.0 - 1.0],(20.0 - 24.8],68.542
(34.87 - 95.677],(3 - 4],(5.0 - 9.0],(24.8 - 29.0],31.312
(18.792 - 30.494],(7 - 10],[0.0 - 1.0],(7.0 - 10.0],55.482
(2.033 - 5.318],(5 - 7],[0.0 - 1.0],(24.8 - 29.0],65.347
(2.033 - 5.318],(7 - 10],[0.0 - 1.0],(24.8 - 29.0],4.222
(0.713 - 1.071],[1 - 2],[0.0 - 1.0],(35.0 - 59.0],2.203
(18.792 - 30.494],(10 - 41],(9.0 - 14.0],(16.0 - 20.0],83.929
(5.318 - 18.792],[1 - 2],(3.0 - 5.0],(20.0 - 24.8],28.347
(1.071 - 2.033],(2 - 3],(14.0 - 93.0],(16.0 - 20.0],24.765
(0.522 - 0.713],[1 - 2],[0.0 - 1.0],(4.0 - 7.0],89.109
(2.033 - 5.318],(2 - 3],[0.0 - 1.0],(35.0 - 59.0],2.586
(2.033 - 5.318],(3 - 4],[0.0 - 1.0],(35.0 - 59.0],9.629
(2.033 - 5.318],(4 - 5],(5.0 - 9.0],(29.0 - 35.0],35.529
(18.792 - 30.494],(5 - 7],[0.0 - 1.0],(7.0 - 10.0],15.251
(18.792 - 30.494],(5 - 7],[0.0 - 1.0],(24.8 - 29.0],11.503
(1.071 - 2.033],[1 - 2],[0.0 - 1.0],(16.0 - 20.0],8.772
(5.318 - 18.792],[1 - 2],[0.0 - 1.0],(29.0 - 35.0],19.505
(2.033 - 5.318],(5 - 7],[0.0 - 1.0],(16.0 - 20.0],19.883
(2.033 - 5.318],(10 - 41],(5.0 - 9.0],(16.0 - 20.0],49.848
(1.071 - 2.033],(4 - 5],[0.0 - 1.0],(29.0 - 35.0],24.917
(5.318 - 18.792],[1 - 2],[0.0 - 1.0],(35.0 - 59.0],9.007
(18.792 - 30.494],(5 - 7],[0.0 - 1.0],(24.8 - 29.0],20.344
(5.318 - 18.792],(3 - 4],(9.0 - 14.0],(20.0 - 24.8],17.274
(18.792 - 30.494],(5 - 7],(1.0 - 2.0],(24.8 - 29.0],12.384
(2.033 - 5.318],(3 - 4],[0.0 - 1.0],(13.0 - 16.0],11.472
(2.033 - 5.318],(2 - 3],[0.0 - 1.0],(16.0 - 20.0],17.265
(18.792 - 30.494],(10 - 41],[0.0 - 1.0],(10.0 - 13.0],21.22
(2.033 - 5.318],[1 - 2],[0.0 - 1.0],(13.0 - 16.0],54.903
(18.792 - 30.494],(7 - 10],[0.0 - 1.0],(29.0 - 35.0],21.373
(18.792 - 30.494],(7 - 10],[0.0 - 1.0],(7.0 - 10.0],34.366
(5.318 - 18.792],(5 - 7],[0.0 - 1.0],(20.0 - 24.8],48.5
(18.792 - 30.494],(10 - 41],(3.0 - 5.0],(13.0 - 16.0],95.647
(18.792 - 30.494],[1 - 2],[0.0 - 1.0],(35.0 - 59.0],12.822
(5.318 - 18.792],(7 - 10],(3.0 - 5.0],(24.8 - 29.0],53.947
(5.318 - 18.792],[1 - 2],(5.0 - 9.0],(16.0 - 20.0],30.343
(18.792 - 30.494],(4 - 5],[0.0 - 1.0],(20.0 - 24.8],44.223
(18.792 - 30.494],(5 - 7],[0.0 - 1.0],(35.0 - 59.0],19.366
(18.792 - 30.494],(10 - 41],(1.0 - 2.0],(29.0 - 35.0],25.735
(5.318 - 18.792],(7 - 10],(3.0 - 5.0],(24.8 - 29.0],75.811
(1.071 - 2.033],(5 - 7],(2.0 - 3.0],(29.0 - 35.0],9.127
(18.792 - 30.494],(7 - 10],[0.0 - 1.0],(13.0 - 16.0],24.143
(2.033 - 5.318],(5 - 7],[0.0 - 1.0],(24.8 - 29.0],25.946
(18.792 - 30.494],[1 - 2],[0.0 - 1.0],(35.0 - 59.0],12.192
(5.318 - 18.792],(10 - 41],[0.0 - 1.0],(10.0 - 13.0],62.785
(5.318 - 18.792],[1 - 2],[0.0 - 1.0],(13.0 - 16.0],35.891
(18.792 - 30.494],[1 - 2],[0.0 - 1.0],(29.0 - 35.0],11.615
(2.033 - 5.318],(10 - 41],[0.0 - 1.0],(24.8 - 29.0],34.687
(2.033 - 5.318],(7 - 10],(9.0 - 14.0],(16.0 - 20.0],60.53
(18.792 - 30.494],(10 - 41],[0.0 - 1.0],(35.0 - 59.0],63.408
(5.318 - 18.792],[1 - 2],(2.0 - 3.0],(29.0 - 35.0],13.128
(5.318 - 18.792],[1 - 2],[0.0 - 1.0],(35.0 - 59.0],3.815
(18.792 - 30.494],(7 - 10],(5.0 - 9.0],(29.0 - 35.0],54.971
(5.318 - 18.792],(2 - 3],[0.0 - 1.0],(29.0 - 35.0],19.991
(5.318 - 18.792],(2 - 3],[0.0 - 1.0],(35.0 - 59.0],35.9
(18.792 - 30.494],(7 - 10],[0.0 - 1.0],(7.0 - 10.0],23.687
(5.318 - 18.792],(3 - 4],(9.0 - 14.0],(20.0 - 24.8],21.322
(5.318 - 18.792],(10 - 41],(9.0 - 14.0],(16.0 - 20.0],88.36
(2.033 - 5.318],(5 - 7],(5.0 - 9.0],(16.0 - 20.0],27.741
(2.033 - 5.318],(2 - 3],(9.0 - 14.0],(24.8 - 29.0],37.612
(1.071 - 2.033],(4 - 5],[0.0 - 1.0],(13.0 - 16.0],46.198
(5.318 - 18.792],(7 - 10],[0.0 - 1.0],(10.0 - 13.0],16.569
(0.713 - 1.071],(2 - 3],(3.0 - 5.0],(29.0 - 35.0],71.661
(5.318 - 18.792],(2 - 3],(1.0 - 2.0],(16.0 - 20.0],7.379
(5.318 - 18.792],(3 - 4],[0.0 - 1.0],(35.0 - 59.0],29.155
(5.318 - 18.792],[1 - 2],[0.0 - 1.0],(10.0 - 13.0],1.6
(18.792 - 30.494],(5 - 7],[0.0 - 1.0],(29.0 - 35.0],12.564
(2.033 - 5.318],[1 - 2],[0.0 - 1.0],(24.8 - 29.0],24.99
(2.033 - 5.318],(3 - 4],(3.0 - 5.0],(24.8 - 29.0],34.096
(18.792 - 30.494],(10 - 41],[0.0 - 1.0],(13.0 - 16.0],34.255
(1.071 - 2.033],(10 - 41],[0.0 - 1.0],(24.8 - 29.0],42.179
(2.033 - 5.318],(3 - 4],(2.0 - 3.0],(24.8 - 29.0],11.876
(2.033 - 5.318],(2 - 3],[0.0 - 1.0],[0.0 - 4.0],87.733
(5.318 - 18.792],(7 - 10],[0.0 - 1.0],(35.0 - 59.0],5.159
(18.792 - 30.494],(7 - 10],(5.0 - 9.0],(20.0 - 24.8],43.027
(2.033 - 5.318],[1 - 2],[0.0 - 1.0],(16.0 - 20.0],7.863
(1.071 - 2.033],(5 - 7],[0.0 - 1.0],(16.0 - 20.0],24.921
(18.792 - 30.494],(7 - 10],[0.0 - 1.0],(29.0 - 35.0],4.98
(2.033 - 5.318],(7 - 10],[0.0 - 1.0],(13.0 - 16.0],4.794
(5.318 - 18.792],(4 - 5],[0.0 - 1.0],[0.0 - 4.0],28.979
(0.522 - 0.713],(3 - 4],(3.0 - 5.0],(24.8 - 29.0],29.247
(5.318 - 18.792],(5 - 7],(3.0 - 5.0],(29.0 - 35.0],61.147
(18.792 - 30.494],(10 - 41],[0.0 - 1.0],(10.0 - 13.0],74.693
(1.071 - 2.033],[1 - 2],(3.0 - 5.0],(13.0 - 16.0],7.061
(2.033 - 5.318],(7 - 10],[0.0 - 1.0],(10.0 - 13.0],39.748
(5.318 - 18.792],(5 - 7],[0.0 - 1.0],(29.0 - 35.0],43.708
(18.792 - 30.494],(7 - 10],[0.0 - 1.0],(7.0 - 10.0],44.849
(2.033 - 5.318],(5 - 7],(2.0 - 3.0],(13.0 - 16.0],11.349
(5.318 - 18.792],(10 - 41],(3.0 - 5.0],(16.0 - 20.0],67.545
(18.792 - 30.494],(5 - 7],[0.0 - 1.0],(35.0 - 59.0],22.517
(5.318 - 18.792],[1 - 2],[0.0 - 1.0],(29.0 - 35.0],12.118
(18.792 - 30.494],[1 - 2],(9.0 - 14.0],(35.0 - 59.0],17.764
(5.318 - 18.792],[1 - 2],(3.0 - 5.0],(20.0 - 24.8],26.7
(5.318 - 18.792],(10 - 41],(2.0 - 3.0],(10.0 - 13.0],80.564
(18.792 - 30.494],(5 - 7],[0.0 - 1.0],(7.0 - 10.0],20.478
(18.792 - 30.494],(7 - 10],(3.0 - 5.0],(35.0 - 59.0],9.06
(18.792 - 30.494],(3 - 4],[0.0 - 1.0],(29.0 - 35.0],31.605
(5.318 - 18.792],(7 - 10],(1.0 - 2.0],(29.0 - 35.0],46.938
(5.318 - 18.792],(4 - 5],(1.0 - 2.0],(35.0 - 59.0],5.218
(1.071 - 2.033],(3 - 4],[0.0 - 1.0],(24.8 - 29.0],53.978
(18.792 - 30.494],(5 - 7],[0.0 - 1.0],(13.0 - 16.0],60.535
(18.792 - 30.494],(10 - 41],(5.0 - 9.0],(24.8 - 29.0],46.01
(18.792 - 30.494],(5 - 7],[0.0 - 1.0],(29.0 - 35.0],10.807
(5.318 - 18.792],(2 - 3],[0.0 - 1.0],(16.0 - 20.0],49.84
(5.318 - 18.792],(4 - 5],[0.0 - 1.0],(20.0 - 24.8],67.177
(5.318 - 18.792],(10 - 41],(9.0 - 14.0],(16.0 - 20.0],68.127
(5.318 - 18.792],(5 - 7],[0.0 - 1.0],(35.0 - 59.0],2.309
(2.033 - 5.318],[1 - 2],(1.0 - 2.0],(20.0 - 24.8],4.563
(2.033 - 5.318],(2 - 3],(9.0 - 14.0],(20.0 - 24.8],34.271
(18.792 - 30.494],(3 - 4],[0.0 - 1.0],(35.0 - 59.0],5.579
(18.792 - 30.494],(7 - 10],[0.0 - 1.0],(7.0 - 10.0],28.14
(18.792 - 30.494],(7 - 10],(1.0 - 2.0],(10.0 - 13.0],41.297
(2.033 - 5.318],(7 - 10],[0.0 - 1.0],(20.0 - 24.8],43.204
(18.792 - 30.494],(10 - 41],[0.0 - 1.0],(10.0 - 13.0],40.924
(18.792 - 30.494],(5 - 7],(1.0 - 2.0],(16.0 - 20.0],5.071
(18.792 - 30.494],(5 - 7],(9.0 - 14.0],(24.8 - 29.0],72.025
(1.071 - 2.033],(3 - 4],[0.0 - 1.0],(29.0 - 35.0],62.247
(5.318 - 18.792],(7 - 10],[0.0 - 1.0],(35.0 - 59.0],62.37
(18.792 - 30.494],(7 - 10],[0.0 - 1.0],(29.0 - 35.0],16.558
(18.792 - 30.494],[1 - 2],[0.0 - 1.0],(10.0 - 13.0],37.451
(5.318 - 18.792],(5 - 7],[0.0 - 1.0],(16.0 - 20.0],81.154
(2.033 - 5.318],[1 - 2],[0.0 - 1.0],(20.0 - 24.8],11.798
(18.792 - 30.494],(7 - 10],[0.0 - 1.0],(35.0 - 59.0],11.503
(5.318 - 18.792],(5 - 7],(5.0 - 9.0],(24.8 - 29.0],44.493
(2.033 - 5.318],(10 - 41],[0.0 - 1.0],(16.0 - 20.0],34.49
(5.318 - 18.792],(7 - 10],[0.0 - 1.0],(16.0 - 20.0],60.352
(1.071 - 2.033],(2 - 3],[0.0 - 1.0],(35.0 - 59.0],5.575
(5.318 - 18.792],(7 - 10],(3.0 - 5.0],(24.8 - 29.0],31.963
(0.713 - 1.071],[1 - 2],[0.0 - 1.0],(29.0 - 35.0],2.624
(1.071 - 2.033],[1 - 2],[0.0 - 1.0],(10.0 - 13.0],13.645
(2.033 - 5.318],(7 - 10],(1.0 - 2.0],(24.8 - 29.0],59.404
(2.033 - 5.318],(7 - 10],[0.0 - 1.0],(29.0 - 35.0],34.504
(18.792 - 30.494],(7 - 10],[0.0 - 1.0],(7.0 - 10.0],53.032
(18.792 - 30.494],(10 - 41],[0.0 - 1.0],(20.0 - 24.8],52.772
(5.318 - 18.792],(5 - 7],(5.0 - 9.0],(16.0 - 20.0],54.298
(2.033 - 5.318],(5 - 7],[0.0 - 1.0],(35.0 - 59.0],3.721
(5.318 - 18.792],(5 - 7],[0.0 - 1.0],(16.0 - 20.0],89.038
(5.318 - 18.792],(3 - 4],[0.0 - 1.0],(35.0 - 59.0],39.725
(18.792 - 30.494],(10 - 41],[0.0 - 1.0],(10.0 - 13.0],39.171
(5.318 - 18.792],(2 - 3],[0.0 - 1.0],(13.0 - 16.0],67.961
(18.792 - 30.494],(10 - 41],[0.0 - 1.0],(24.8 - 29.0],79.815
(18.792 - 30.494],(4 - 5],[0.0 - 1.0],(10.0 - 13.0],15.41
(5.318 - 18.792],(7 - 10],[0.0 - 1.0],(24.8 - 29.0],27.836
(5.318 - 18.792],[1 - 2],(3.0 - 5.0],(16.0 - 20.0],20.944
(5.318 - 18.792],(4 - 5],(1.0 - 2.0],(29.0 - 35.0],27.369
(18.792 - 30.494],(7 - 10],[0.0 - 1.0],(7.0 - 10.0],28.105
(5.318 - 18.792],[1 - 2],[0.0 - 1.0],(20.0 - 24.8],16.523
(5.318 - 18.792],[1 - 2],[0.0 - 1.0],(35.0 - 59.0],1.004
(2.033 - 5.318],(7 - 10],(9.0 - 14.0],(7.0 - 10.0],69.81
(5.318 - 18.792],(5 - 7],(1.0 - 2.0],(20.0 - 24.8],63.002
(2.033 - 5.318],(3 - 4],[0.0 - 1.0],(24.8 - 29.0],30.546
(1.071 - 2.033],[1 - 2],(5.0 - 9.0],(24.8 - 29.0],14.374
(2.033 - 5.318],(5 - 7],(3.0 - 5.0],(24.8 - 29.0],24.393
(2.033 - 5.318],(5 - 7],(2.0 - 3.0],(20.0 - 24.8],17.495
(1.071 - 2.033],[1 - 2],(14.0 - 93.0],(24.8 - 29.0],25.097
(18.792 - 30.494],(10 - 41],[0.0 - 1.0],(13.0 - 16.0],37.718
(2.033 - 5.318],(7 - 10],(9.0 - 14.0],(13.0 - 16.0],77.418
(2.033 - 5.318],(10 - 41],[0.0 - 1.0],(24.8 - 29.0],21.796
(18.792 - 30.494],(10 - 41],[0.0 - 1.0],(10.0 - 13.0],41.112
(2.033 - 5.318],(5 - 7],[0.0 - 1.0],(35.0 - 59.0],6.815
(2.033 - 5.318],(4 - 5],(2.0 - 3.0],(29.0 - 35.0],48.921
(18.792 - 30.494],(5 - 7],[0.0 - 1.0],(24.8 - 29.0],8.579
(1.071 - 2.033],[1 - 2],[0.0 - 1.0],(35.0 - 59.0],0.279
(5.318 - 18.792],(3 - 4],(5.0 - 9.0],(20.0 - 24.8],53.932
(18.792 - 30.494],(5 - 7],[0.0 - 1.0],(10.0 - 13.0],20.625
(2.033 - 5.318],[1 - 2],[0.0 - 1.0],(13.0 - 16.0],20.732
(2.033 - 5.318],(10 - 41],[0.0 - 1.0],(29.0 - 35.0],34.695
(18.792 - 30.494],(10 - 41],[0.0 - 1.0],(10.0 - 13.0],67.09
(18.792 - 30.494],(2 - 3],[0.0 - 1.0],(35.0 - 59.0],68.651
(5.318 - 18.792],[1 - 2],[0.0 - 1.0],(10.0 - 13.0],8.759
(18.792 - 30.494],(5 - 7],(2.0 - 3.0],(16.0 - 20.0],8.558
(18.792 - 30.494],(7 - 10],(1.0 - 2.0],(29.0 - 35.0],46.228
(5.318 - 18.792],(2 - 3],(1.0 - 2.0],(13.0 - 16.0],52.124
(5.318 - 18.792],(5 - 7],(2.0 - 3.0],(35.0 - 59.0],48.428
(5.318 - 18.792],(3 - 4],(2.0 - 3.0],(16.0 - 20.0],32.677
(18.792 - 30.494],[1 - 2],[0.0 - 1.0],(24.8 - 29.0],6.992
(5.318 - 18.792],(10 - 41],(9.0 - 14.0],(24.8 - 29.0],63.414
(5.318 - 18.792],(7 - 10],(5.0 - 9.0],(24.8 - 29.0],68.201
(5.318 - 18.792],(10 - 41],(2.0 - 3.0],(24.8 - 29.0],54.051
(5.318 - 18.792],(5 - 7],[0.0 - 1.0],(29.0 - 35.0],39.883
(5.318 - 18.792],(10 - 41],(5.0 - 9.0],(20.0 - 24.8],88.658
(5.318 - 18.792],(5 - 7],(3.0 - 5.0],(24.8 - 29.0],72.738
(5.318 - 18.792],(7 - 10],(3.0 - 5.0],(29.0 - 35.0],68.207
(2.033 - 5.318],(7 - 10],(5.0 - 9.0],(29.0 - 35.0],39.261
(5.318 - 18.792],(5 - 7],(2.0 - 3.0],(24.8 - 29.0],9.616
(18.792 - 30.494],(5 - 7],[0.0 - 1.0],(20.0 - 24.8],9.512
(5.318 - 18.792],(5 - 7],(3.0 - 5.0],(16.0 - 20.0],48.723
(2.033 - 5.318],(2 - 3],(1.0 - 2.0],(20.0 - 24.8],27.392
(18.792 - 30.494],(7 - 10],[0.0 - 1.0],(10.0 - 13.0],44.26
(18.792 - 30.494],(7 - 10],[0.0 - 1.0],(13.0 - 16.0],18.413
(2.033 - 5.318],(3 - 4],[0.0 - 1.0],(29.0 - 35.0],5.291
(2.033 - 5.318],(3 - 4],[0.0 - 1.0],(24.8 - 29.0],5.077
(2.033 - 5.318],[1 - 2],(2.0 - 3.0],(7.0 - 10.0],12.037
(18.792 - 30.494],(5 - 7],[0.0 - 1.0],(13.0 - 16.0],40.805
(2.033 - 5.318],[1 - 2],[0.0 - 1.0],(35.0 - 59.0],7.551
(2.033 - 5.318],(7 - 10],(1.0 - 2.0],(29.0 - 35.0],53.568
(18.792 - 30.494],(5 - 7],(5.0 - 9.0],(24.8 - 29.0],9.404
(5.318 - 18.792],(10 - 41],(1.0 - 2.0],(16.0 - 20.0],33.327
(2.033 - 5.318],(7 - 10],[0.0 - 1.0],(35.0 - 59.0],17.235
(18.792 - 30.494],(3 - 4],[0.0 - 1.0],(24.8 - 29.0],6.177
(2.033 - 5.318],[1 - 2],[0.0 - 1.0],(35.0 - 59.0],25.354
(5.318 - 18.792],(10 - 41],[0.0 - 1.0],(20.0 - 24.8],56.554
(5.318 - 18.792],(10 - 41],(2.0 - 3.0],(24.8 - 29.0],23.391
(5.318 - 18.792],(5 - 7],(2.0 - 3.0],(7.0 - 10.0],71.436
(2.033 - 5.318],[1 - 2],(1.0 - 2.0],(29.0 - 35.0],13.575
(2.033 - 5.318],(7 - 10],[0.0 - 1.0],(13.0 - 16.0],34.249
(18.792 - 30.494],[1 - 2],(2.0 - 3.0],(29.0 - 35.0],16.554
(2.033 - 5.318],(3 - 4],[0.0 - 1.0],(29.0 - 35.0],14.169
(5.318 - 18.792],(7 - 10],(9.0 - 14.0],(7.0 - 10.0],76.784
(18.792 - 30.494],(5 - 7],[0.0 - 1.0],(35.0 - 59.0],23.003
(0.411 - 0.522],(2 - 3],[0.0 - 1.0],(10.0 - 13.0],47.183
(5.318 - 18.792],(4 - 5],(3.0 - 5.0],(29.0 - 35.0],14.681
(5.318 - 18.792],(4 - 5],(3.0 - 5.0],(13.0 - 16.0],49.258
(18.792 - 30.494],[1 - 2],(1.0 - 2.0],(35.0 - 59.0],15.496
(5.318 - 18.792],[1 - 2],[0.0 - 1.0],(24.8 - 29.0],1.406
(5.318 - 18.792],(5 - 7],(2.0 - 3.0],(24.8 - 29.0],76.904
(18.792 - 30.494],(7 - 10],[0.0 - 1.0],(13.0 - 16.0],15.494
(2.033 - 5.318],(2 - 3],(14.0 - 93.0],(16.0 - 20.0],32.401
(5.318 - 18.792],(3 - 4],(5.0 - 9.0],(16.0 - 20.0],45.782
(5.318 - 18.792],(7 - 10],(3.0 - 5.0],(24.8 - 29.0],59.292
(2.033 - 5.318],[1 - 2],[0.0 - 1.0],(35.0 - 59.0],14.82
(1.071 - 2.033],[1 - 2],[0.0 - 1.0],(35.0 - 59.0],9.028
(2.033 - 5.318],(4 - 5],[0.0 - 1.0],(24.8 - 29.0],12.34
(5.318 - 18.792],[1 - 2],[0.0 - 1.0],(35.0 - 59.0],0.409
(2.033 - 5.318],(10 - 41],[0.0 - 1.0],(24.8 - 29.0],52.752
(18.792 - 30.494],(5 - 7],[0.0 - 1.0],(29.0 - 35.0],9.431
(5.318 - 18.792],(5 - 7],(3.0 - 5.0],(29.0 - 35.0],57.107
(5.318 - 18.792],(10 - 41],(5.0 - 9.0],(24.8 - 29.0],45.91
(18.792 - 30.494],(10 - 41],(9.0 - 14.0],(20.0 - 24.8],65.447
(18.792 - 30.494],(5 - 7],[0.0 - 1.0],(16.0 - 20.0],39.3
(5.318 - 18.792],[1 - 2],[0.0 - 1.0],(35.0 - 59.0],52.032
(18.792 - 30.494],(5 - 7],[0.0 - 1.0],(10.0 - 13.0],34.366
(18.792 - 30.494],(7 - 10],[0.0 - 1.0],(20.0 - 24.8],64.344
(5.318 - 18.792],(10 - 41],[0.0 - 1.0],(7.0 - 10.0],44.653
(2.033 - 5.318],(3 - 4],[0.0 - 1.0],(16.0 - 20.0],44.756
(30.494 - 34.87],(3 - 4],(14.0 - 93.0],(10.0 - 13.0],75.959
(30.494 - 34.87],(2 - 3],[0.0 - 1.0],(7.0 - 10.0],71.435
(30.494 - 34.87],[1 - 2],[0.0 - 1.0],(20.0 - 24.8],22.575
(30.494 - 34.87],(2 - 3],[0.0 - 1.0],(7.0 - 10.0],85.694
(18.792 - 30.494],(3 - 4],(14.0 - 93.0],(10.0 - 13.0],79.358
(18.792 - 30.494],(2 - 3],[0.0 - 1.0],(13.0 - 16.0],37.994
(30.494 - 34.87],[1 - 2],[0.0 - 1.0],(20.0 - 24.8],20.14
(34.87 - 95.677],(3 - 4],(9.0 - 14.0],(20.0 - 24.8],60.888
(30.494 - 34.87],(2 - 3],(1.0 - 2.0],(13.0 - 16.0],61.879
(30.494 - 34.87],[1 - 2],[0.0 - 1.0],(16.0 - 20.0],24.332
(30.494 - 34.87],(3 - 4],(2.0 - 3.0],(16.0 - 20.0],66.214
(30.494 - 34.87],[1 - 2],[0.0 - 1.0],(20.0 - 24.8],25.804
(30.494 - 34.87],[1 - 2],[0.0 - 1.0],(16.0 - 20.0],33.592
(30.494 - 34.87],(3 - 4],(9.0 - 14.0],(16.0 - 20.0],59.814
(30.494 - 34.87],[1 - 2],[0.0 - 1.0],(13.0 - 16.0],29.122
(30.494 - 34.87],[1 - 2],[0.0 - 1.0],(29.0 - 35.0],18.965
(30.494 - 34.87],(3 - 4],(14.0 - 93.0],(13.0 - 16.0],71.338
(30.494 - 34.87],[1 - 2],(2.0 - 3.0],(16.0 - 20.0],31.485
(30.494 - 34.87],(3 - 4],(5.0 - 9.0],(16.0 - 20.0],47.581
(30.494 - 34.87],(3 - 4],(1.0 - 2.0],(16.0 - 20.0],81.935
(30.494 - 34.87],[1 - 2],[0.0 - 1.0],(24.8 - 29.0],10.869
(30.494 - 34.87],[1 - 2],[0.0 - 1.0],(20.0 - 24.8],12.231
(30.494 - 34.87],[1 - 2],[0.0 - 1.0],(20.0 - 24.8],16.791
(18.792 - 30.494],[1 - 2],[0.0 - 1.0],(29.0 - 35.0],11.314
(18.792 - 30.494],[1 - 2],[0.0 - 1.0],(13.0 - 16.0],14.635
(18.792 - 30.494],[1 - 2],[0.0 - 1.0],(24.8 - 29.0],31.744
(30.494 - 34.87],[1 - 2],[0.0 - 1.0],(10.0 - 13.0],34.172
(30.494 - 34.87],[1 - 2],[0.0 - 1.0],(29.0 - 35.0],9.379
(30.494 - 34.87],[1 - 2],[0.0 - 1.0],(20.0 - 24.8],19.585
(30.494 - 34.87],[1 - 2],[0.0 - 1.0],(16.0 - 20.0],6.5
(30.494 - 34.87],[1 - 2],[0.0 - 1.0],(29.0 - 35.0],17.237
(30.494 - 34.87],[1 - 2],[0.0 - 1.0],(20.0 - 24.8],19.28
(30.494 - 34.87],[1 - 2],[0.0 - 1.0],(16.0 - 20.0],17.995
(30.494 - 34.87],[1 - 2],(2.0 - 3.0],(13.0 - 16.0],28.88
(30.494 - 34.87],[1 - 2],[0.0 - 1.0],(24.8 - 29.0],15.467
(18.792 - 30.494],[1 - 2],[0.0 - 1.0],(29.0 - 35.0],14.464
(30.494 - 34.87],[1 - 2],[0.0 - 1.0],(20.0 - 24.8],3.778
(30.494 - 34.87],[1 - 2],[0.0 - 1.0],(24.8 - 29.0],12.749
(30.494 - 34.87],[1 - 2],[0.0 - 1.0],(16.0 - 20.0],24.291
(30.494 - 34.87],[1 - 2],[0.0 - 1.0],(29.0 - 35.0],13.915
(18.792 - 30.494],[1 - 2],[0.0 - 1.0],(20.0 - 24.8],21.412
(30.494 - 34.87],[1 - 2],[0.0 - 1.0],(24.8 - 29.0],11.17
(30.494 - 34.87],[1 - 2],[0.0 - 1.0],(24.8 - 29.0],15.425
(30.494 - 34.87],[1 - 2],[0.0 - 1.0],(20.0 - 24.8],18.756
(30.494 - 34.87],[1 - 2],[0.0 - 1.0],(7.0 - 10.0],28.082
(30.494 - 34.87],[1 - 2],(1.0 - 2.0],(16.0 - 20.0],23.797
(18.792 - 30.494],[1 - 2],[0.0 - 1.0],(16.0 - 20.0],20.003
(30.494 - 34.87],[1 - 2],[0.0 - 1.0],(16.0 - 20.0],19.865
(30.494 - 34.87],[1 - 2],[0.0 - 1.0],(7.0 - 10.0],21.387
(30.494 - 34.87],[1 - 2],[0.0 - 1.0],(10.0 - 13.0],10.803
(30.494 - 34.87],[1 - 2],[0.0 - 1.0],(35.0 - 59.0],10.293
(30.494 - 34.87],[1 - 2],[0.0 - 1.0],(20.0 - 24.8],14.901
(30.494 - 34.87],[1 - 2],[0.0 - 1.0],(20.0 - 24.8],11.904
(30.494 - 34.87],[1 - 2],(5.0 - 9.0],(13.0 - 16.0],26.364
(18.792 - 30.494],[1 - 2],[0.0 - 1.0],(16.0 - 20.0],13.742
(30.494 - 34.87],[1 - 2],[0.0 - 1.0],(24.8 - 29.0],7.56
(30.494 - 34.87],[1 - 2],[0.0 - 1.0],(20.0 - 24.8],9.11
(30.494 - 34.87],[1 - 2],[0.0 - 1.0],(24.8 - 29.0],20.181
(30.494 - 34.87],[1 - 2],[0.0 - 1.0],(16.0 - 20.0],23.247
(30.494 - 34.87],[1 - 2],(1.0 - 2.0],(16.0 - 20.0],18.487
(30.494 - 34.87],[1 - 2],[0.0 - 1.0],(35.0 - 59.0],6.242
(30.494 - 34.87],[1 - 2],[0.0 - 1.0],(13.0 - 16.0],15.975
(30.494 - 34.87],[1 - 2],[0.0 - 1.0],(24.8 - 29.0],9.948
(30.494 - 34.87],[1 - 2],[0.0 - 1.0],(10.0 - 13.0],32.989
(18.792 - 30.494],[1 - 2],[0.0 - 1.0],(24.8 - 29.0],10.732
(18.792 - 30.494],[1 - 2],[0.0 - 1.0],(16.0 - 20.0],25.903
(30.494 - 34.87],[1 - 2],[0.0 - 1.0],(24.8 - 29.0],14.238
(30.494 - 34.87],[1 - 2],[0.0 - 1.0],(24.8 - 29.0],15.114
(30.494 - 34.87],[1 - 2],[0.0 - 1.0],(29.0 - 35.0],10.837
(30.494 - 34.87],[1 - 2],[0.0 - 1.0],(24.8 - 29.0],20.643
(30.494 - 34.87],[1 - 2],(2.0 - 3.0],(13.0 - 16.0],24.06
(18.792 - 30.494],[1 - 2],[0.0 - 1.0],(20.0 - 24.8],13.192
(30.494 - 34.87],[1 - 2],[0.0 - 1.0],(16.0 - 20.0],31.456
(30.494 - 34.87],[1 - 2],[0.0 - 1.0],(16.0 - 20.0],20.364
(30.494 - 34.87],[1 - 2],[0.0 - 1.0],(24.8 - 29.0],11.054
(30.494 - 34.87],[1 - 2],[0.0 - 1.0],(24.8 - 29.0],9.187
(30.494 - 34.87],[1 - 2],[0.0 - 1.0],(29.0 - 35.0],10.217
(18.792 - 30.494],[1 - 2],[0.0 - 1.0],(20.0 - 24.8],27.555
(30.494 - 34.87],[1 - 2],[0.0 - 1.0],(16.0 - 20.0],17.725
(30.494 - 34.87],[1 - 2],[0.0 - 1.0],(24.8 - 29.0],14.957
(34.87 - 95.677],(10 - 41],[0.0 - 1.0],(35.0 - 59.0],96.4
(30.494 - 34.87],(5 - 7],[0.0 - 1.0],(29.0 - 35.0],51.847
(18.792 - 30.494],(5 - 7],[0.0 - 1.0],(24.8 - 29.0],23.651
(34.87 - 95.677],(10 - 41],[0.0 - 1.0],(35.0 - 59.0],98.403
(34.87 - 95.677],(10 - 41],[0.0 - 1.0],(35.0 - 59.0],88.028
(34.87 - 95.677],(10 - 41],[0.0 - 1.0],(35.0 - 59.0],89.678
(34.87 - 95.677],(10 - 41],[0.0 - 1.0],(35.0 - 59.0],89.38
(34.87 - 95.677],(10 - 41],[0.0 - 1.0],(29.0 - 35.0],88.764
(34.87 - 95.677],(10 - 41],[0.0 - 1.0],(29.0 - 35.0],84.692
(34.87 - 95.677],(5 - 7],[0.0 - 1.0],(35.0 - 59.0],81.544
(18.792 - 30.494],(5 - 7],[0.0 - 1.0],(24.8 - 29.0],32.897
(18.792 - 30.494],(5 - 7],[0.0 - 1.0],(35.0 - 59.0],15.111
(34.87 - 95.677],(10 - 41],[0.0 - 1.0],(35.0 - 59.0],75.939
(34.87 - 95.677],(7 - 10],[0.0 - 1.0],(35.0 - 59.0],87.433
(34.87 - 95.677],(5 - 7],[0.0 - 1.0],(35.0 - 59.0],16.165
(34.87 - 95.677],(10 - 41],[0.0 - 1.0],(35.0 - 59.0],87.652
(34.87 - 95.677],(10 - 41],[0.0 - 1.0],(35.0 - 59.0],96.007
(34.87 - 95.677],(7 - 10],[0.0 - 1.0],(35.0 - 59.0],32.028
(34.87 - 95.677],(7 - 10],[0.0 - 1.0],(35.0 - 59.0],48.529
(34.87 - 95.677],(10 - 41],[0.0 - 1.0],(35.0 - 59.0],81.872
(5.318 - 18.792],(4 - 5],[0.0 - 1.0],(35.0 - 59.0],11.458
(18.792 - 30.494],(4 - 5],[0.0 - 1.0],(20.0 - 24.8],17.61
(34.87 - 95.677],(7 - 10],[0.0 - 1.0],(35.0 - 59.0],32.442
(34.87 - 95.677],(10 - 41],[0.0 - 1.0],(35.0 - 59.0],91.167
(34.87 - 95.677],(10 - 41],[0.0 - 1.0],(35.0 - 59.0],88.849
(34.87 - 95.677],(10 - 41],[0.0 - 1.0],(35.0 - 59.0],88.557
(34.87 - 95.677],(7 - 10],[0.0 - 1.0],(29.0 - 35.0],77.071
(34.87 - 95.677],(7 - 10],[0.0 - 1.0],(24.8 - 29.0],95.446
(34.87 - 95.677],(5 - 7],[0.0 - 1.0],(29.0 - 35.0],57.719
(34.87 - 95.677],(7 - 10],[0.0 - 1.0],(35.0 - 59.0],70.608
(34.87 - 95.677],(7 - 10],[0.0 - 1.0],(35.0 - 59.0],80.384
(34.87 - 95.677],(10 - 41],[0.0 - 1.0],(29.0 - 35.0],93.646
(34.87 - 95.677],(7 - 10],[0.0 - 1.0],(29.0 - 35.0],95.124
(34.87 - 95.677],(7 - 10],[0.0 - 1.0],(35.0 - 59.0],75.882
(34.87 - 95.677],(4 - 5],[0.0 - 1.0],(35.0 - 59.0],17.831
(34.87 - 95.677],(10 - 41],[0.0 - 1.0],(35.0 - 59.0],90.655
(34.87 - 95.677],(7 - 10],[0.0 - 1.0],(29.0 - 35.0],96.877
(18.792 - 30.494],(7 - 10],[0.0 - 1.0],(24.8 - 29.0],28.211
(34.87 - 95.677],(10 - 41],[0.0 - 1.0],(24.8 - 29.0],69.397
(34.87 - 95.677],(10 - 41],[0.0 - 1.0],(35.0 - 59.0],86.208
(30.494 - 34.87],[1 - 2],[0.0 - 1.0],(35.0 - 59.0],15.29
(18.792 - 30.494],(5 - 7],[0.0 - 1.0],(35.0 - 59.0],26.543
(34.87 - 95.677],(10 - 41],[0.0 - 1.0],(35.0 - 59.0],95.559
(34.87 - 95.677],(7 - 10],[0.0 - 1.0],(24.8 - 29.0],53.252
(0.411 - 0.522],[1 - 2],[0.0 - 1.0],(10.0 - 13.0],59.552
(0.335 - 0.411],(2 - 3],(9.0 - 14.0],(4.0 - 7.0],80.02
(0.713 - 1.071],[1 - 2],(3.0 - 5.0],[0.0 - 4.0],32.697
(0.335 - 0.411],(2 - 3],[0.0 - 1.0],[0.0 - 4.0],54.033
(0.713 - 1.071],[1 - 2],(5.0 - 9.0],(4.0 - 7.0],18.027
(0.713 - 1.071],(2 - 3],[0.0 - 1.0],[0.0 - 4.0],92.836
(0.713 - 1.071],[1 - 2],(3.0 - 5.0],(24.8 - 29.0],18.148
(1.071 - 2.033],(3 - 4],(2.0 - 3.0],(7.0 - 10.0],43.237
(0.411 - 0.522],(3 - 4],(14.0 - 93.0],[0.0 - 4.0],63.943
(0.522 - 0.713],[1 - 2],(5.0 - 9.0],(7.0 - 10.0],55.883
(0.522 - 0.713],[1 - 2],(9.0 - 14.0],(13.0 - 16.0],61.424
(0.335 - 0.411],[1 - 2],[0.0 - 1.0],(10.0 - 13.0],30.938
(1.071 - 2.033],(3 - 4],(9.0 - 14.0],(10.0 - 13.0],82.687
(0.713 - 1.071],[1 - 2],[0.0 - 1.0],(4.0 - 7.0],74.967
(1.071 - 2.033],[1 - 2],(3.0 - 5.0],(7.0 - 10.0],57.501
(1.071 - 2.033],[1 - 2],(2.0 - 3.0],(24.8 - 29.0],15.198
(0.522 - 0.713],(2 - 3],(14.0 - 93.0],(7.0 - 10.0],54.211
(0.335 - 0.411],(2 - 3],(14.0 - 93.0],[0.0 - 4.0],84.942
(0.411 - 0.522],(3 - 4],(5.0 - 9.0],[0.0 - 4.0],78.063
(0.713 - 1.071],[1 - 2],[0.0 - 1.0],(13.0 - 16.0],25.175
(0.335 - 0.411],(3 - 4],(3.0 - 5.0],(13.0 - 16.0],79.028
(5.318 - 18.792],[1 - 2],(9.0 - 14.0],(4.0 - 7.0],22.788
(0.411 - 0.522],(3 - 4],(5.0 - 9.0],(7.0 - 10.0],86.005
(0.522 - 0.713],[1 - 2],(5.0 - 9.0],(4.0 - 7.0],76.855
(0.522 - 0.713],[1 - 2],[0.0 - 1.0],(7.0 - 10.0],27.199
(1.071 - 2.033],(2 - 3],(9.0 - 14.0],(10.0 - 13.0],46.773
(0.411 - 0.522],[1 - 2],[0.0 - 1.0],(16.0 - 20.0],20.917
(0.335 - 0.411],[1 - 2],(9.0 - 14.0],(13.0 - 16.0],66.151
(0.522 - 0.713],[1 - 2],(5.0 - 9.0],(16.0 - 20.0],20.567
(2.033 - 5.318],(2 - 3],(3.0 - 5.0],(20.0 - 24.8],78.608
(0.522 - 0.713],[1 - 2],[0.0 - 1.0],(7.0 - 10.0],22.328
(0.713 - 1.071],[1 - 2],[0.0 - 1.0],(16.0 - 20.0],58.98
(0.335 - 0.411],[1 - 2],(5.0 - 9.0],(10.0 - 13.0],25.316
(0.335 - 0.411],[1 - 2],(14.0 - 93.0],[0.0 - 4.0],68.449
(0.713 - 1.071],[1 - 2],[0.0 - 1.0],(16.0 - 20.0],15.655
(1.071 - 2.033],[1 - 2],(3.0 - 5.0],(16.0 - 20.0],20.252
(0.411 - 0.522],[1 - 2],[0.0 - 1.0],[0.0 - 4.0],32.356
(0.411 - 0.522],[1 - 2],[0.0 - 1.0],(4.0 - 7.0],75.457
(2.033 - 5.318],[1 - 2],(2.0 - 3.0],(13.0 - 16.0],38.363
(0.411 - 0.522],(2 - 3],(14.0 - 93.0],(7.0 - 10.0],65.577
(2.033 - 5.318],[1 - 2],[0.0 - 1.0],(29.0 - 35.0],21.148
(0.522 - 0.713],(3 - 4],(9.0 - 14.0],(7.0 - 10.0],85.776
(5.318 - 18.792],[1 - 2],(2.0 - 3.0],(13.0 - 16.0],20.826
(0.522 - 0.713],[1 - 2],[0.0 - 1.0],(35.0 - 59.0],19.915
(0.335 - 0.411],[1 - 2],(9.0 - 14.0],(10.0 - 13.0],52.725
(1.071 - 2.033],(2 - 3],[0.0 - 1.0],(13.0 - 16.0],63.387
(0.411 - 0.522],(2 - 3],(9.0 - 14.0],(4.0 - 7.0],81.356
(0.335 - 0.411],(2 - 3],(5.0 - 9.0],(4.0 - 7.0],80.593
(0.522 - 0.713],(3 - 4],(5.0 - 9.0],(7.0 - 10.0],74.111
(0.713 - 1.071],(2 - 3],(3.0 - 5.0],(20.0 - 24.8],75.421
(0.335 - 0.411],[1 - 2],(3.0 - 5.0],(10.0 - 13.0],49.298
(0.522 - 0.713],(2 - 3],(3.0 - 5.0],(16.0 - 20.0],78.25
(0.411 - 0.522],[1 - 2],(9.0 - 14.0],(13.0 - 16.0],70.975
(0.522 - 0.713],[1 - 2],(9.0 - 14.0],(10.0 - 13.0],44.101
(1.071 - 2.033],[1 - 2],(5.0 - 9.0],(24.8 - 29.0],19.036
(0.713 - 1.071],[1 - 2],(3.0 - 5.0],[0.0 - 4.0],99.699
(0.335 - 0.411],[1 - 2],[0.0 - 1.0],(20.0 - 24.8],29.898
(1.071 - 2.033],[1 - 2],(14.0 - 93.0],(4.0 - 7.0],61.884
(0.522 - 0.713],[1 - 2],(1.0 - 2.0],(7.0 - 10.0],45.422
(0.522 - 0.713],[1 - 2],(2.0 - 3.0],(10.0 - 13.0],29.819
(0.522 - 0.713],[1 - 2],(9.0 - 14.0],(10.0 - 13.0],24.002
(0.411 - 0.522],[1 - 2],(5.0 - 9.0],(13.0 - 16.0],12.771
(2.033 - 5.318],[1 - 2],(1.0 - 2.0],[0.0 - 4.0],65.179
(1.071 - 2.033],(2 - 3],(3.0 - 5.0],(16.0 - 20.0],43.084
(0.522 - 0.713],(2 - 3],(1.0 - 2.0],[0.0 - 4.0],94.227
(2.033 - 5.318],[1 - 2],(3.0 - 5.0],(4.0 - 7.0],51.511
(2.033 - 5.318],[1 - 2],(5.0 - 9.0],(10.0 - 13.0],60.707
(0.522 - 0.713],[1 - 2],[0.0 - 1.0],(16.0 - 20.0],13.308
(1.071 - 2.033],[1 - 2],(9.0 - 14.0],(16.0 - 20.0],39.673
(0.335 - 0.411],[1 - 2],(5.0 - 9.0],(4.0 - 7.0],61.179
(0.335 - 0.411],[1 - 2],(3.0 - 5.0],(4.0 - 7.0],57.368
(0.522 - 0.713],(3 - 4],(9.0 - 14.0],[0.0 - 4.0],91.299
(0.713 - 1.071],[1 - 2],[0.0 - 1.0],(24.8 - 29.0],5.793
(0.411 - 0.522],[1 - 2],(5.0 - 9.0],(7.0 - 10.0],59.466
(0.713 - 1.071],(2 - 3],[0.0 - 1.0],[0.0 - 4.0],94.03
(0.335 - 0.411],[1 - 2],[0.0 - 1.0],[0.0 - 4.0],72.467
(0.713 - 1.071],[1 - 2],(9.0 - 14.0],(10.0 - 13.0],60.884
(0.411 - 0.522],(3 - 4],(14.0 - 93.0],(7.0 - 10.0],41.442
(0.522 - 0.713],(2 - 3],[0.0 - 1.0],(16.0 - 20.0],81.561
(0.713 - 1.071],[1 - 2],[0.0 - 1.0],(7.0 - 10.0],55.471
(0.335 - 0.411],[1 - 2],[0.0 - 1.0],(7.0 - 10.0],25.64
(0.713 - 1.071],[1 - 2],(2.0 - 3.0],(13.0 - 16.0],24.841
(0.411 - 0.522],(2 - 3],[0.0 - 1.0],(4.0 - 7.0],60.822
(0.335 - 0.411],(2 - 3],(14.0 - 93.0],(7.0 - 10.0],84.516
(0.522 - 0.713],[1 - 2],[0.0 - 1.0],(13.0 - 16.0],58.925
(2.033 - 5.318],(3 - 4],(14.0 - 93.0],[0.0 - 4.0],66.001
(0.713 - 1.071],[1 - 2],[0.0 - 1.0],(35.0 - 59.0],21.284
(1.071 - 2.033],[1 - 2],(5.0 - 9.0],(13.0 - 16.0],27.361
(0.522 - 0.713],[1 - 2],[0.0 - 1.0],(7.0 - 10.0],35.689
(0.713 - 1.071],[1 - 2],(5.0 - 9.0],(7.0 - 10.0],43.908
(0.411 - 0.522],(2 - 3],(5.0 - 9.0],(4.0 - 7.0],89.882
(1.071 - 2.033],[1 - 2],(1.0 - 2.0],(29.0 - 35.0],27.074
(0.335 - 0.411],[1 - 2],(14.0 - 93.0],[0.0 - 4.0],57.363
(0.411 - 0.522],(2 - 3],(2.0 - 3.0],(10.0 - 13.0],89.672
(1.071 - 2.033],[1 - 2],(9.0 - 14.0],(10.0 - 13.0],75.37
(0.522 - 0.713],[1 - 2],[0.0 - 1.0],(35.0 - 59.0],15.958
(0.522 - 0.713],[1 - 2],(2.0 - 3.0],(7.0 - 10.0],69.44
(0.522 - 0.713],[1 - 2],[0.0 - 1.0],(7.0 - 10.0],78.452
(0.411 - 0.522],(2 - 3],[0.0 - 1.0],(4.0 - 7.0],37.481
(0.522 - 0.713],[1 - 2],(3.0 - 5.0],[0.0 - 4.0],93.268
(0.411 - 0.522],[1 - 2],[0.0 - 1.0],(24.8 - 29.0],62.123
(0.522 - 0.713],[1 - 2],[0.0 - 1.0],(16.0 - 20.0],12.438
(0.713 - 1.071],[1 - 2],[0.0 - 1.0],(7.0 - 10.0],49.654
(0.522 - 0.713],(3 - 4],[0.0 - 1.0],(10.0 - 13.0],87.07
(0.411 - 0.522],[1 - 2],(9.0 - 14.0],(10.0 - 13.0],21.894
(0.411 - 0.522],[1 - 2],[0.0 - 1.0],(29.0 - 35.0],33.55
(2.033 - 5.318],[1 - 2],(1.0 - 2.0],(10.0 - 13.0],31.563
(1.071 - 2.033],(2 - 3],(5.0 - 9.0],(7.0 - 10.0],51.256
(0.411 - 0.522],[1 - 2],(9.0 - 14.0],(7.0 - 10.0],59.456
(0.335 - 0.411],(2 - 3],[0.0 - 1.0],[0.0 - 4.0],86.595
(0.411 - 0.522],[1 - 2],[0.0 - 1.0],(4.0 - 7.0],57.395
(5.318 - 18.792],[1 - 2],(5.0 - 9.0],(16.0 - 20.0],19.692
(0.411 - 0.522],(2 - 3],[0.0 - 1.0],(7.0 - 10.0],86.198
(2.033 - 5.318],[1 - 2],(5.0 - 9.0],(13.0 - 16.0],21.269
(0.522 - 0.713],(2 - 3],(1.0 - 2.0],(7.0 - 10.0],85.191
(0.713 - 1.071],(2 - 3],[0.0 - 1.0],(20.0 - 24.8],60.38
(2.033 - 5.318],[1 - 2],(9.0 - 14.0],(24.8 - 29.0],43.172
(1.071 - 2.033],[1 - 2],[0.0 - 1.0],(35.0 - 59.0],29.387
(0.522 - 0.713],[1 - 2],(5.0 - 9.0],(4.0 - 7.0],20.438
(0.713 - 1.071],[1 - 2],[0.0 - 1.0],[0.0 - 4.0],70.435
(0.335 - 0.411],[1 - 2],(5.0 - 9.0],(20.0 - 24.8],29.686
(2.033 - 5.318],(2 - 3],(5.0 - 9.0],(4.0 - 7.0],95.286
(1.071 - 2.033],[1 - 2],(5.0 - 9.0],(13.0 - 16.0],28.035
(0.713 - 1.071],[1 - 2],[0.0 - 1.0],(16.0 - 20.0],15.144
(0.713 - 1.071],[1 - 2],(3.0 - 5.0],(4.0 - 7.0],40.212
(0.411 - 0.522],[1 - 2],[0.0 - 1.0],(10.0 - 13.0],60.42
(1.071 - 2.033],[1 - 2],(3.0 - 5.0],(16.0 - 20.0],30.841
(2.033 - 5.318],(2 - 3],(2.0 - 3.0],(20.0 - 24.8],60.425
(0.713 - 1.071],(2 - 3],(5.0 - 9.0],(7.0 - 10.0],46.734
(1.071 - 2.033],[1 - 2],[0.0 - 1.0],(13.0 - 16.0],49.418
(5.318 - 18.792],[1 - 2],(2.0 - 3.0],(35.0 - 59.0],15.953
(0.335 - 0.411],[1 - 2],[0.0 - 1.0],(13.0 - 16.0],34.681
(2.033 - 5.318],(2 - 3],(3.0 - 5.0],(4.0 - 7.0],72.511
(0.411 - 0.522],(2 - 3],[0.0 - 1.0],(4.0 - 7.0],84.138
(1.071 - 2.033],(2 - 3],(14.0 - 93.0],[0.0 - 4.0],78.927
(0.713 - 1.071],[1 - 2],[0.0 - 1.0],(29.0 - 35.0],26.638
(0.713 - 1.071],(2 - 3],(3.0 - 5.0],(13.0 - 16.0],69.938
(1.071 - 2.033],[1 - 2],[0.0 - 1.0],[0.0 - 4.0],24.714
(1.071 - 2.033],(2 - 3],(3.0 - 5.0],(16.0 - 20.0],78.645
(0.411 - 0.522],[1 - 2],(14.0 - 93.0],(10.0 - 13.0],71.413
(0.713 - 1.071],(3 - 4],(9.0 - 14.0],[0.0 - 4.0],67.658
(0.522 - 0.713],(3 - 4],(9.0 - 14.0],(4.0 - 7.0],87.586
(0.335 - 0.411],[1 - 2],[0.0 - 1.0],(13.0 - 16.0],23.694
(0.335 - 0.411],[1 - 2],[0.0 - 1.0],(13.0 - 16.0],13.654
(0.522 - 0.713],[1 - 2],(1.0 - 2.0],(20.0 - 24.8],13.812
(0.411 - 0.522],(2 - 3],(14.0 - 93.0],[0.0 - 4.0],89.951
(0.713 - 1.071],[1 - 2],(5.0 - 9.0],(4.0 - 7.0],28.311
(0.411 - 0.522],[1 - 2],(3.0 - 5.0],[0.0 - 4.0],81.573
(0.411 - 0.522],(2 - 3],[0.0 - 1.0],(10.0 - 13.0],81.722
(0.335 - 0.411],[1 - 2],(5.0 - 9.0],(16.0 - 20.0],28.098
(0.411 - 0.522],(2 - 3],(14.0 - 93.0],[0.0 - 4.0],91.366
(0.713 - 1.071],(2 - 3],(14.0 - 93.0],(4.0 - 7.0],88.401
(0.335 - 0.411],[1 - 2],[0.0 - 1.0],(7.0 - 10.0],65.153
(2.033 - 5.318],(3 - 4],(3.0 - 5.0],(16.0 - 20.0],71.31
(0.522 - 0.713],[1 - 2],(3.0 - 5.0],(4.0 - 7.0],78.973
(0.713 - 1.071],(2 - 3],(9.0 - 14.0],(4.0 - 7.0],33.294
(1.071 - 2.033],[1 - 2],(5.0 - 9.0],(16.0 - 20.0],31.652
(0.411 - 0.522],[1 - 2],(5.0 - 9.0],(7.0 - 10.0],54.519
(0.411 - 0.522],(2 - 3],(5.0 - 9.0],[0.0 - 4.0],93.024
(2.033 - 5.318],[1 - 2],(9.0 - 14.0],(10.0 - 13.0],42.781
(1.071 - 2.033],[1 - 2],(2.0 - 3.0],(16.0 - 20.0],44.17
(0.335 - 0.411],(2 - 3],[0.0 - 1.0],[0.0 - 4.0],76.01
(0.713 - 1.071],[1 - 2],[0.0 - 1.0],(16.0 - 20.0],29.783
(5.318 - 18.792],[1 - 2],[0.0 - 1.0],[0.0 - 4.0],75.121
(0.335 - 0.411],[1 - 2],[0.0 - 1.0],(24.8 - 29.0],77.981
(1.071 - 2.033],(2 - 3],(9.0 - 14.0],(4.0 - 7.0],60.529
(0.335 - 0.411],(2 - 3],(5.0 - 9.0],(7.0 - 10.0],43.658
(0.713 - 1.071],(3 - 4],(9.0 - 14.0],[0.0 - 4.0],58.723
(0.411 - 0.522],[1 - 2],(5.0 - 9.0],(7.0 - 10.0],54.35
(0.411 - 0.522],(2 - 3],(14.0 - 93.0],(4.0 - 7.0],92.948
(0.411 - 0.522],(2 - 3],(3.0 - 5.0],(20.0 - 24.8],46.627
(0.522 - 0.713],(3 - 4],(9.0 - 14.0],(7.0 - 10.0],92.336
(0.713 - 1.071],[1 - 2],[0.0 - 1.0],(16.0 - 20.0],17.935
(0.713 - 1.071],[1 - 2],(5.0 - 9.0],(7.0 - 10.0],45.251
(0.335 - 0.411],[1 - 2],[0.0 - 1.0],(35.0 - 59.0],60.862
(0.335 - 0.411],(2 - 3],(14.0 - 93.0],[0.0 - 4.0],70.58
(1.071 - 2.033],(2 - 3],(2.0 - 3.0],(7.0 - 10.0],88.939
(0.335 - 0.411],[1 - 2],[0.0 - 1.0],(10.0 - 13.0],59.22
(0.713 - 1.071],[1 - 2],(5.0 - 9.0],(24.8 - 29.0],27.59
(0.713 - 1.071],(2 - 3],(3.0 - 5.0],(13.0 - 16.0],66.174
(2.033 - 5.318],[1 - 2],(5.0 - 9.0],(7.0 - 10.0],14.142
(0.411 - 0.522],(2 - 3],[0.0 - 1.0],(7.0 - 10.0],75.058
(0.335 - 0.411],[1 - 2],[0.0 - 1.0],(10.0 - 13.0],78.931
(1.071 - 2.033],(2 - 3],(3.0 - 5.0],(7.0 - 10.0],19.388
(1.071 - 2.033],(2 - 3],(2.0 - 3.0],(16.0 - 20.0],46.642
(0.335 - 0.411],(2 - 3],(5.0 - 9.0],(7.0 - 10.0],91.187
(0.411 - 0.522],(3 - 4],(14.0 - 93.0],[0.0 - 4.0],88.106
(0.713 - 1.071],[1 - 2],(2.0 - 3.0],(20.0 - 24.8],9.708
(0.335 - 0.411],(2 - 3],(3.0 - 5.0],(10.0 - 13.0],50.252
(0.335 - 0.411],(3 - 4],(14.0 - 93.0],[0.0 - 4.0],88.0
(2.033 - 5.318],[1 - 2],(14.0 - 93.0],[0.0 - 4.0],23.75
(0.411 - 0.522],(3 - 4],(5.0 - 9.0],(7.0 - 10.0],86.27
(0.522 - 0.713],(2 - 3],[0.0 - 1.0],(13.0 - 16.0],83.461
(0.411 - 0.522],(3 - 4],(2.0 - 3.0],(7.0 - 10.0],81.848
(5.318 - 18.792],[1 - 2],(5.0 - 9.0],(24.8 - 29.0],20.016
(1.071 - 2.033],[1 - 2],[0.0 - 1.0],(16.0 - 20.0],28.042
(1.071 - 2.033],(2 - 3],(1.0 - 2.0],(20.0 - 24.8],75.312
(5.318 - 18.792],[1 - 2],[0.0 - 1.0],[0.0 - 4.0],50.362
(0.335 - 0.411],[1 - 2],(5.0 - 9.0],(16.0 - 20.0],54.968
(0.522 - 0.713],(2 - 3],[0.0 - 1.0],[0.0 - 4.0],96.969
(1.071 - 2.033],[1 - 2],(1.0 - 2.0],(24.8 - 29.0],8.96
(0.713 - 1.071],[1 - 2],(1.0 - 2.0],(10.0 - 13.0],49.242
(0.522 - 0.713],(3 - 4],(9.0 - 14.0],[0.0 - 4.0],91.454
(0.335 - 0.411],(3 - 4],(14.0 - 93.0],[0.0 - 4.0],87.769
(0.335 - 0.411],[1 - 2],[0.0 - 1.0],(4.0 - 7.0],63.784
(1.071 - 2.033],[1 - 2],[0.0 - 1.0],(24.8 - 29.0],5.611
(0.522 - 0.713],[1 - 2],(2.0 - 3.0],[0.0 - 4.0],49.229
(0.522 - 0.713],(2 - 3],(1.0 - 2.0],(13.0 - 16.0],76.76
(1.071 - 2.033],[1 - 2],(14.0 - 93.0],[0.0 - 4.0],46.218
(0.522 - 0.713],[1 - 2],[0.0 - 1.0],(10.0 - 13.0],11.386
(1.071 - 2.033],[1 - 2],(1.0 - 2.0],(24.8 - 29.0],16.711
(0.335 - 0.411],[1 - 2],(5.0 - 9.0],(24.8 - 29.0],23.061
(2.033 - 5.318],[1 - 2],(2.0 - 3.0],(35.0 - 59.0],29.748
(1.071 - 2.033],[1 - 2],(1.0 - 2.0],(7.0 - 10.0],60.938
(0.522 - 0.713],[1 - 2],[0.0 - 1.0],(35.0 - 59.0],15.176
(2.033 - 5.318],[1 - 2],(5.0 - 9.0],(13.0 - 16.0],20.355
(2.033 - 5.318],(2 - 3],(9.0 - 14.0],(13.0 - 16.0],31.209
(0.522 - 0.713],[1 - 2],[0.0 - 1.0],(20.0 - 24.8],37.199
(0.522 - 0.713],[1 - 2],(5.0 - 9.0],(16.0 - 20.0],54.657
(0.335 - 0.411],(3 - 4],[0.0 - 1.0],(4.0 - 7.0],89.815
(0.713 - 1.071],(2 - 3],(1.0 - 2.0],(13.0 - 16.0],85.825
(0.411 - 0.522],(3 - 4],(5.0 - 9.0],(10.0 - 13.0],94.45
(2.033 - 5.318],[1 - 2],(5.0 - 9.0],(13.0 - 16.0],19.355
(2.033 - 5.318],[1 - 2],(2.0 - 3.0],(10.0 - 13.0],45.555
(0.522 - 0.713],[1 - 2],(9.0 - 14.0],(7.0 - 10.0],69.985
(0.713 - 1.071],(2 - 3],(5.0 - 9.0],(13.0 - 16.0],65.872
(2.033 - 5.318],(3 - 4],(1.0 - 2.0],(24.8 - 29.0],81.921
(1.071 - 2.033],[1 - 2],[0.0 - 1.0],(24.8 - 29.0],7.28
(0.411 - 0.522],[1 - 2],(2.0 - 3.0],(10.0 - 13.0],69.73
(1.071 - 2.033],[1 - 2],(1.0 - 2.0],[0.0 - 4.0],45.84
(1.071 - 2.033],[1 - 2],(1.0 - 2.0],(35.0 - 59.0],22.987
(0.522 - 0.713],[1 - 2],[0.0 - 1.0],(7.0 - 10.0],72.729
(0.411 - 0.522],(2 - 3],[0.0 - 1.0],(4.0 - 7.0],85.291
(1.071 - 2.033],(3 - 4],[0.0 - 1.0],(4.0 - 7.0],72.364
(1.071 - 2.033],(3 - 4],(9.0 - 14.0],(4.0 - 7.0],60.38
(2.033 - 5.318],[1 - 2],(5.0 - 9.0],(13.0 - 16.0],66.623
(0.335 - 0.411],(2 - 3],(5.0 - 9.0],(16.0 - 20.0],82.057
(0.335 - 0.411],[1 - 2],(1.0 - 2.0],(13.0 - 16.0],74.27
(0.713 - 1.071],(3 - 4],(14.0 - 93.0],(10.0 - 13.0],85.936
(1.071 - 2.033],(2 - 3],(9.0 - 14.0],(4.0 - 7.0],64.203
(0.522 - 0.713],[1 - 2],[0.0 - 1.0],(35.0 - 59.0],57.138
(0.335 - 0.411],[1 - 2],(5.0 - 9.0],(20.0 - 24.8],26.681
(1.071 - 2.033],[1 - 2],[0.0 - 1.0],(4.0 - 7.0],64.755
(0.522 - 0.713],[1 - 2],(1.0 - 2.0],(35.0 - 59.0],35.937
(0.411 - 0.522],[1 - 2],(14.0 - 93.0],(7.0 - 10.0],60.976
(0.713 - 1.071],[1 - 2],(2.0 - 3.0],(7.0 - 10.0],19.133
(1.071 - 2.033],[1 - 2],(14.0 - 93.0],[0.0 - 4.0],66.09
(0.522 - 0.713],[1 - 2],[0.0 - 1.0],(10.0 - 13.0],74.059
(0.522 - 0.713],(3 - 4],(9.0 - 14.0],(4.0 - 7.0],87.827
(0.713 - 1.071],[1 - 2],(3.0 - 5.0],(29.0 - 35.0],28.927
(0.713 - 1.071],(2 - 3],(9.0 - 14.0],(4.0 - 7.0],58.811
(0.411 - 0.522],(2 - 3],[0.0 - 1.0],[0.0 - 4.0],53.785
(0.335 - 0.411],[1 - 2],[0.0 - 1.0],(4.0 - 7.0],13.348
(0.335 - 0.411],(2 - 3],(5.0 - 9.0],(7.0 - 10.0],44.378
(0.522 - 0.713],(2 - 3],(9.0 - 14.0],(10.0 - 13.0],61.578
(0.335 - 0.411],[1 - 2],(3.0 - 5.0],(7.0 - 10.0],74.773
(0.411 - 0.522],(2 - 3],(14.0 - 93.0],(16.0 - 20.0],74.827
(0.522 - 0.713],(2 - 3],[0.0 - 1.0],(7.0 - 10.0],91.438
(0.522 - 0.713],[1 - 2],(14.0 - 93.0],(4.0 - 7.0],65.123
(0.713 - 1.071],(2 - 3],[0.0 - 1.0],(13.0 - 16.0],64.73
(0.335 - 0.411],(3 - 4],(14.0 - 93.0],(7.0 - 10.0],67.577
(0.522 - 0.713],(3 - 4],(5.0 - 9.0],(10.0 - 13.0],72.338
(0.411 - 0.522],[1 - 2],(2.0 - 3.0],(10.0 - 13.0],29.588
(0.522 - 0.713],(3 - 4],(1.0 - 2.0],(4.0 - 7.0],90.869
(0.411 - 0.522],[1 - 2],(5.0 - 9.0],(4.0 - 7.0],81.447
(0.522 - 0.713],[1 - 2],(9.0 - 14.0],(10.0 - 13.0],30.856
(0.411 - 0.522],[1 - 2],(2.0 - 3.0],(4.0 - 7.0],69.895
(0.335 - 0.411],(3 - 4],(14.0 - 93.0],[0.0 - 4.0],86.628
(0.411 - 0.522],(2 - 3],(14.0 - 93.0],[0.0 - 4.0],85.894
(0.335 - 0.411],(2 - 3],(5.0 - 9.0],(7.0 - 10.0],82.144
(5.318 - 18.792],[1 - 2],[0.0 - 1.0],(10.0 - 13.0],51.19
(0.335 - 0.411],(2 - 3],(1.0 - 2.0],(13.0 - 16.0],87.934
(0.522 - 0.713],[1 - 2],[0.0 - 1.0],(10.0 - 13.0],58.687
(0.335 - 0.411],[1 - 2],[0.0 - 1.0],(35.0 - 59.0],5.532
(0.522 - 0.713],(2 - 3],[0.0 - 1.0],(4.0 - 7.0],56.043
(0.335 - 0.411],(2 - 3],[0.0 - 1.0],(10.0 - 13.0],86.381
(0.411 - 0.522],[1 - 2],(3.0 - 5.0],(10.0 - 13.0],43.984
(0.522 - 0.713],[1 - 2],(9.0 - 14.0],(4.0 - 7.0],65.855
(0.713 - 1.071],(3 - 4],[0.0 - 1.0],(4.0 - 7.0],88.336
(0.713 - 1.071],(2 - 3],(9.0 - 14.0],(13.0 - 16.0],75.302
(0.713 - 1.071],(2 - 3],[0.0 - 1.0],(7.0 - 10.0],78.097
(0.335 - 0.411],[1 - 2],(3.0 - 5.0],(35.0 - 59.0],18.42
(0.411 - 0.522],[1 - 2],(2.0 - 3.0],(4.0 - 7.0],63.709
(18.792 - 30.494],[1 - 2],(3.0 - 5.0],(20.0 - 24.8],24.816
(0.335 - 0.411],[1 - 2],[0.0 - 1.0],[0.0 - 4.0],90.568
(0.713 - 1.071],[1 - 2],[0.0 - 1.0],(16.0 - 20.0],11.663
(2.033 - 5.318],[1 - 2],(1.0 - 2.0],(10.0 - 13.0],29.041
(1.071 - 2.033],[1 - 2],[0.0 - 1.0],(29.0 - 35.0],62.651
(1.071 - 2.033],[1 - 2],(3.0 - 5.0],(7.0 - 10.0],57.547
(1.071 - 2.033],[1 - 2],[0.0 - 1.0],(13.0 - 16.0],31.819
(0.411 - 0.522],[1 - 2],(1.0 - 2.0],(10.0 - 13.0],70.585
(5.318 - 18.792],(2 - 3],(3.0 - 5.0],(16.0 - 20.0],66.097
(0.335 - 0.411],[1 - 2],(9.0 - 14.0],(10.0 - 13.0],55.884
(1.071 - 2.033],(2 - 3],(2.0 - 3.0],(20.0 - 24.8],76.062
(0.411 - 0.522],[1 - 2],(2.0 - 3.0],(4.0 - 7.0],66.192
(0.713 - 1.071],(2 - 3],(5.0 - 9.0],(4.0 - 7.0],66.256
(0.411 - 0.522],[1 - 2],[0.0 - 1.0],(16.0 - 20.0],6.65
(0.335 - 0.411],[1 - 2],(3.0 - 5.0],(13.0 - 16.0],53.767
(0.713 - 1.071],[1 - 2],[0.0 - 1.0],[0.0 - 4.0],66.753
(0.522 - 0.713],[1 - 2],(9.0 - 14.0],(10.0 - 13.0],27.036
(0.522 - 0.713],[1 - 2],(3.0 - 5.0],[0.0 - 4.0],50.652
(0.335 - 0.411],[1 - 2],[0.0 - 1.0],(4.0 - 7.0],70.67
(0.713 - 1.071],(2 - 3],(5.0 - 9.0],(7.0 - 10.0],86.897
(1.071 - 2.033],[1 - 2],(3.0 - 5.0],(16.0 - 20.0],43.185
(1.071 - 2.033],[1 - 2],(2.0 - 3.0],(4.0 - 7.0],79.431
(1.071 - 2.033],(2 - 3],(1.0 - 2.0],(16.0 - 20.0],84.313
(0.335 - 0.411],[1 - 2],(5.0 - 9.0],(4.0 - 7.0],60.597
(0.411 - 0.522],[1 - 2],(14.0 - 93.0],(4.0 - 7.0],80.179
(0.411 - 0.522],[1 - 2],(3.0 - 5.0],(10.0 - 13.0],73.089
(2.033 - 5.318],[1 - 2],(1.0 - 2.0],(16.0 - 20.0],41.068
(0.522 - 0.713],(3 - 4],(14.0 - 93.0],(7.0 - 10.0],88.086
(0.411 - 0.522],(2 - 3],(3.0 - 5.0],[0.0 - 4.0],82.154
(0.335 - 0.411],[1 - 2],(9.0 - 14.0],(7.0 - 10.0],63.283
(0.411 - 0.522],[1 - 2],(3.0 - 5.0],(10.0 - 13.0],67.094
(0.411 - 0.522],[1 - 2],[0.0 - 1.0],(35.0 - 59.0],56.118
(0.335 - 0.411],[1 - 2],(14.0 - 93.0],[0.0 - 4.0],48.424
(0.713 - 1.071],[1 - 2],(1.0 - 2.0],(10.0 - 13.0],57.491
(1.071 - 2.033],[1 - 2],(5.0 - 9.0],(10.0 - 13.0],22.235
(0.411 - 0.522],(2 - 3],(5.0 - 9.0],[0.0 - 4.0],87.415
(0.411 - 0.522],[1 - 2],[0.0 - 1.0],(20.0 - 24.8],15.652
(0.713 - 1.071],[1 - 2],(5.0 - 9.0],(29.0 - 35.0],30.524
(5.318 - 18.792],(3 - 4],(9.0 - 14.0],(29.0 - 35.0],27.328
(0.522 - 0.713],[1 - 2],(3.0 - 5.0],(7.0 - 10.0],49.923
(0.713 - 1.071],(2 - 3],[0.0 - 1.0],[0.0 - 4.0],97.376
(0.411 - 0.522],(3 - 4],(3.0 - 5.0],(16.0 - 20.0],85.053
(0.411 - 0.522],[1 - 2],(5.0 - 9.0],(4.0 - 7.0],32.347
(0.713 - 1.071],[1 - 2],(1.0 - 2.0],(7.0 - 10.0],21.803
(0.713 - 1.071],[1 - 2],(3.0 - 5.0],(35.0 - 59.0],21.046
(1.071 - 2.033],[1 - 2],[0.0 - 1.0],(29.0 - 35.0],11.597
(1.071 - 2.033],[1 - 2],[0.0 - 1.0],(7.0 - 10.0],68.162
(0.335 - 0.411],(3 - 4],[0.0 - 1.0],(13.0 - 16.0],89.419
(0.522 - 0.713],(2 - 3],[0.0 - 1.0],(7.0 - 10.0],89.365
(2.033 - 5.318],[1 - 2],(1.0 - 2.0],(24.8 - 29.0],14.111
(0.411 - 0.522],[1 - 2],[0.0 - 1.0],[0.0 - 4.0],68.826
(0.335 - 0.411],[1 - 2],[0.0 - 1.0],(4.0 - 7.0],25.528
(0.411 - 0.522],(2 - 3],(9.0 - 14.0],[0.0 - 4.0],76.696
(0.411 - 0.522],(2 - 3],(3.0 - 5.0],(10.0 - 13.0],87.964
(1.071 - 2.033],[1 - 2],(3.0 - 5.0],(16.0 - 20.0],28.342
(0.522 - 0.713],(2 - 3],[0.0 - 1.0],(7.0 - 10.0],92.532
(0.411 - 0.522],(2 - 3],(14.0 - 93.0],(10.0 - 13.0],52.051
(2.033 - 5.318],[1 - 2],(5.0 - 9.0],(10.0 - 13.0],39.168
(0.411 - 0.522],(2 - 3],(14.0 - 93.0],(16.0 - 20.0],77.692
(1.071 - 2.033],[1 - 2],(2.0 - 3.0],(13.0 - 16.0],17.134
(0.522 - 0.713],[1 - 2],(9.0 - 14.0],(13.0 - 16.0],63.163
(0.335 - 0.411],(2 - 3],(1.0 - 2.0],(4.0 - 7.0],77.419
(2.033 - 5.318],[1 - 2],[0.0 - 1.0],(35.0 - 59.0],23.221
(0.713 - 1.071],[1 - 2],[0.0 - 1.0],(35.0 - 59.0],57.141
(0.713 - 1.071],[1 - 2],(5.0 - 9.0],(4.0 - 7.0],62.766
(1.071 - 2.033],[1 - 2],(1.0 - 2.0],(16.0 - 20.0],17.619
(0.713 - 1.071],[1 - 2],[0.0 - 1.0],(4.0 - 7.0],76.0
(0.522 - 0.713],(2 - 3],(14.0 - 93.0],(7.0 - 10.0],80.58
(2.033 - 5.318],[1 - 2],[0.0 - 1.0],(13.0 - 16.0],47.362
(0.522 - 0.713],[1 - 2],(5.0 - 9.0],(13.0 - 16.0],70.196
(0.411 - 0.522],[1 - 2],(14.0 - 93.0],[0.0 - 4.0],84.432
(0.411 - 0.522],[1 - 2],(1.0 - 2.0],(24.8 - 29.0],52.659
(0.522 - 0.713],(2 - 3],(9.0 - 14.0],(4.0 - 7.0],65.944
(0.335 - 0.411],(2 - 3],(3.0 - 5.0],(16.0 - 20.0],48.229
(0.411 - 0.522],(2 - 3],(5.0 - 9.0],(7.0 - 10.0],86.95
(0.522 - 0.713],[1 - 2],(2.0 - 3.0],[0.0 - 4.0],62.696
(0.335 - 0.411],[1 - 2],[0.0 - 1.0],(29.0 - 35.0],22.654
(0.335 - 0.411],(2 - 3],(3.0 - 5.0],(7.0 - 10.0],80.7
(0.522 - 0.713],(2 - 3],(2.0 - 3.0],(4.0 - 7.0],95.049
(0.411 - 0.522],[1 - 2],[0.0 - 1.0],(13.0 - 16.0],56.111
(1.071 - 2.033],(3 - 4],(3.0 - 5.0],(4.0 - 7.0],63.454
(0.522 - 0.713],[1 - 2],(3.0 - 5.0],(16.0 - 20.0],55.384
(0.335 - 0.411],[1 - 2],(2.0 - 3.0],(20.0 - 24.8],57.841
(0.335 - 0.411],[1 - 2],(2.0 - 3.0],(10.0 - 13.0],79.66
(1.071 - 2.033],[1 - 2],[0.0 - 1.0],[0.0 - 4.0],53.32
(0.522 - 0.713],(2 - 3],(5.0 - 9.0],(4.0 - 7.0],79.74
(0.713 - 1.071],[1 - 2],[0.0 - 1.0],[0.0 - 4.0],90.475
(1.071 - 2.033],[1 - 2],[0.0 - 1.0],(16.0 - 20.0],14.664
(0.522 - 0.713],[1 - 2],(9.0 - 14.0],(4.0 - 7.0],73.467
(5.318 - 18.792],[1 - 2],[0.0 - 1.0],(29.0 - 35.0],14.071
(0.411 - 0.522],(2 - 3],(9.0 - 14.0],(4.0 - 7.0],85.453
(1.071 - 2.033],(3 - 4],(3.0 - 5.0],(7.0 - 10.0],39.628
(0.713 - 1.071],(3 - 4],[0.0 - 1.0],(4.0 - 7.0],73.219
(0.522 - 0.713],[1 - 2],(1.0 - 2.0],(4.0 - 7.0],80.644
(1.071 - 2.033],(3 - 4],(14.0 - 93.0],(7.0 - 10.0],85.995
(0.713 - 1.071],(2 - 3],(5.0 - 9.0],(4.0 - 7.0],76.003
(0.713 - 1.071],(3 - 4],(9.0 - 14.0],(10.0 - 13.0],89.14
(0.335 - 0.411],(2 - 3],[0.0 - 1.0],[0.0 - 4.0],79.575
(0.411 - 0.522],[1 - 2],[0.0 - 1.0],[0.0 - 4.0],70.719
(0.713 - 1.071],(2 - 3],(14.0 - 93.0],(4.0 - 7.0],67.688
(0.522 - 0.713],(3 - 4],(3.0 - 5.0],(4.0 - 7.0],94.321
(0.335 - 0.411],[1 - 2],[0.0 - 1.0],[0.0 - 4.0],38.879
(1.071 - 2.033],(2 - 3],(14.0 - 93.0],(7.0 - 10.0],48.373
(0.522 - 0.713],[1 - 2],[0.0 - 1.0],[0.0 - 4.0],91.192
(1.071 - 2.033],[1 - 2],(3.0 - 5.0],(10.0 - 13.0],63.743
(0.713 - 1.071],(3 - 4],(9.0 - 14.0],(10.0 - 13.0],88.292
(1.071 - 2.033],(2 - 3],(14.0 - 93.0],(7.0 - 10.0],77.623
(0.713 - 1.071],[1 - 2],[0.0 - 1.0],(35.0 - 59.0],16.456
(2.033 - 5.318],(2 - 3],[0.0 - 1.0],(24.8 - 29.0],73.111
(1.071 - 2.033],[1 - 2],(3.0 - 5.0],(7.0 - 10.0],72.257
(2.033 - 5.318],[1 - 2],(2.0 - 3.0],(24.8 - 29.0],61.945
(0.335 - 0.411],(2 - 3],[0.0 - 1.0],(7.0 - 10.0],73.15
(0.522 - 0.713],(2 - 3],[0.0 - 1.0],(16.0 - 20.0],59.369
(0.335 - 0.411],(3 - 4],(14.0 - 93.0],(10.0 - 13.0],87.295
(1.071 - 2.033],[1 - 2],[0.0 - 1.0],(10.0 - 13.0],60.701
(2.033 - 5.318],[1 - 2],[0.0 - 1.0],(4.0 - 7.0],23.683
(0.713 - 1.071],[1 - 2],(9.0 - 14.0],(16.0 - 20.0],28.535
(0.713 - 1.071],(2 - 3],(14.0 - 93.0],[0.0 - 4.0],71.252
(0.522 - 0.713],[1 - 2],[0.0 - 1.0],(4.0 - 7.0],79.674
(0.713 - 1.071],[1 - 2],(5.0 - 9.0],[0.0 - 4.0],66.859
(0.713 - 1.071],[1 - 2],(3.0 - 5.0],[0.0 - 4.0],44.319
(0.335 - 0.411],[1 - 2],(5.0 - 9.0],(13.0 - 16.0],52.115
(0.713 - 1.071],[1 - 2],[0.0 - 1.0],(7.0 - 10.0],48.017
(0.522 - 0.713],[1 - 2],[0.0 - 1.0],(10.0 - 13.0],10.422
(1.071 - 2.033],[1 - 2],[0.0 - 1.0],(10.0 - 13.0],22.345
(0.335 - 0.411],[1 - 2],[0.0 - 1.0],(13.0 - 16.0],38.682
(0.713 - 1.071],[1 - 2],[0.0 - 1.0],(10.0 - 13.0],77.706
(0.713 - 1.071],[1 - 2],(3.0 - 5.0],(24.8 - 29.0],26.338
(0.411 - 0.522],[1 - 2],[0.0 - 1.0],(20.0 - 24.8],76.242
(0.335 - 0.411],(2 - 3],(5.0 - 9.0],[0.0 - 4.0],50.423
(1.071 - 2.033],[1 - 2],(5.0 - 9.0],(13.0 - 16.0],35.771
(0.411 - 0.522],[1 - 2],[0.0 - 1.0],(13.0 - 16.0],55.177
(0.522 - 0.713],[1 - 2],(14.0 - 93.0],[0.0 - 4.0],76.761
(0.335 - 0.411],[1 - 2],(9.0 - 14.0],(29.0 - 35.0],16.59
(1.071 - 2.033],[1 - 2],[0.0 - 1.0],(7.0 - 10.0],8.66
(0.713 - 1.071],[1 - 2],(1.0 - 2.0],(10.0 - 13.0],16.943
(1.071 - 2.033],(2 - 3],(14.0 - 93.0],[0.0 - 4.0],89.075
(0.713 - 1.071],[1 - 2],(5.0 - 9.0],(16.0 - 20.0],20.397
(0.335 - 0.411],[1 - 2],(5.0 - 9.0],(4.0 - 7.0],93.14
(0.335 - 0.411],[1 - 2],(9.0 - 14.0],[0.0 - 4.0],56.697
(0.335 - 0.411],[1 - 2],(2.0 - 3.0],(7.0 - 10.0],59.694
(0.335 - 0.411],[1 - 2],[0.0 - 1.0],[0.0 - 4.0],77.113
(2.033 - 5.318],[1 - 2],(9.0 - 14.0],(20.0 - 24.8],30.926
(0.411 - 0.522],(2 - 3],(14.0 - 93.0],(7.0 - 10.0],65.129
(0.713 - 1.071],[1 - 2],[0.0 - 1.0],[0.0 - 4.0],37.607
(0.335 - 0.411],(3 - 4],(9.0 - 14.0],(13.0 - 16.0],76.373
(2.033 - 5.318],[1 - 2],(1.0 - 2.0],(10.0 - 13.0],30.956
(0.335 - 0.411],[1 - 2],[0.0 - 1.0],(7.0 - 10.0],32.761
(0.411 - 0.522],[1 - 2],(14.0 - 93.0],[0.0 - 4.0],46.542
(0.713 - 1.071],[1 - 2],(14.0 - 93.0],[0.0 - 4.0],79.949
(0.713 - 1.071],[1 - 2],(5.0 - 9.0],(13.0 - 16.0],68.193
(0.713 - 1.071],(3 - 4],(9.0 - 14.0],[0.0 - 4.0],56.193
(0.522 - 0.713],(3 - 4],(1.0 - 2.0],(4.0 - 7.0],90.237
(0.335 - 0.411],[1 - 2],(2.0 - 3.0],(7.0 - 10.0],71.132
(0.411 - 0.522],(3 - 4],(14.0 - 93.0],(7.0 - 10.0],66.032
(2.033 - 5.318],(4 - 5],(9.0 - 14.0],(7.0 - 10.0],78.279
(0.411 - 0.522],(5 - 7],(9.0 - 14.0],[0.0 - 4.0],78.894
(0.335 - 0.411],(4 - 5],[0.0 - 1.0],[0.0 - 4.0],89.742
(0.713 - 1.071],(4 - 5],(9.0 - 14.0],(4.0 - 7.0],80.089
(0.522 - 0.713],(4 - 5],(9.0 - 14.0],(13.0 - 16.0],78.843
(5.318 - 18.792],(4 - 5],[0.0 - 1.0],(10.0 - 13.0],8.275
(1.071 - 2.033],(4 - 5],(9.0 - 14.0],(10.0 - 13.0],90.938
(1.071 - 2.033],(4 - 5],(9.0 - 14.0],[0.0 - 4.0],83.268
(0.411 - 0.522],(4 - 5],(9.0 - 14.0],[0.0 - 4.0],91.595
(0.713 - 1.071],(5 - 7],(5.0 - 9.0],[0.0 - 4.0],95.104
(0.522 - 0.713],(4 - 5],(14.0 - 93.0],(13.0 - 16.0],66.321
(0.411 - 0.522],(4 - 5],(5.0 - 9.0],[0.0 - 4.0],89.138
(0.335 - 0.411],(5 - 7],(14.0 - 93.0],[0.0 - 4.0],93.2
(0.411 - 0.522],(5 - 7],(14.0 - 93.0],[0.0 - 4.0],96.036
(0.713 - 1.071],(7 - 10],(5.0 - 9.0],(7.0 - 10.0],97.981
(0.335 - 0.411],(5 - 7],(3.0 - 5.0],(4.0 - 7.0],92.256
(0.522 - 0.713],(4 - 5],(5.0 - 9.0],(10.0 - 13.0],86.74
(1.071 - 2.033],(4 - 5],[0.0 - 1.0],(13.0 - 16.0],20.261
(0.713 - 1.071],(4 - 5],(9.0 - 14.0],(16.0 - 20.0],75.309
(0.522 - 0.713],(4 - 5],(14.0 - 93.0],(7.0 - 10.0],65.653
(2.033 - 5.318],(4 - 5],[0.0 - 1.0],(10.0 - 13.0],67.952
(1.071 - 2.033],(4 - 5],[0.0 - 1.0],(13.0 - 16.0],10.773
(0.522 - 0.713],(4 - 5],[0.0 - 1.0],(10.0 - 13.0],92.858
(0.335 - 0.411],(4 - 5],(5.0 - 9.0],(4.0 - 7.0],92.052
(0.335 - 0.411],(5 - 7],(14.0 - 93.0],(7.0 - 10.0],92.416
(1.071 - 2.033],(4 - 5],(1.0 - 2.0],[0.0 - 4.0],87.529
(2.033 - 5.318],(5 - 7],(2.0 - 3.0],(4.0 - 7.0],43.668
(2.033 - 5.318],(4 - 5],(9.0 - 14.0],(7.0 - 10.0],65.186
(1.071 - 2.033],(5 - 7],(14.0 - 93.0],(7.0 - 10.0],62.933
(0.713 - 1.071],(4 - 5],(5.0 - 9.0],[0.0 - 4.0],95.009
(0.411 - 0.522],(4 - 5],(5.0 - 9.0],(4.0 - 7.0],68.918
(1.071 - 2.033],(5 - 7],(14.0 - 93.0],(10.0 - 13.0],73.903
(0.522 - 0.713],(4 - 5],[0.0 - 1.0],(13.0 - 16.0],94.694
(0.522 - 0.713],(5 - 7],(5.0 - 9.0],(10.0 - 13.0],91.523
(0.522 - 0.713],(7 - 10],(9.0 - 14.0],(16.0 - 20.0],82.952
(0.411 - 0.522],(5 - 7],(5.0 - 9.0],(4.0 - 7.0],85.796
(1.071 - 2.033],(5 - 7],(5.0 - 9.0],[0.0 - 4.0],96.67
(0.411 - 0.522],(5 - 7],(14.0 - 93.0],[0.0 - 4.0],95.921
(0.335 - 0.411],(5 - 7],(3.0 - 5.0],(4.0 - 7.0],95.421
(1.071 - 2.033],(4 - 5],[0.0 - 1.0],(20.0 - 24.8],55.366
(0.335 - 0.411],(4 - 5],(14.0 - 93.0],(4.0 - 7.0],90.367
(0.411 - 0.522],(4 - 5],(14.0 - 93.0],[0.0 - 4.0],97.545
(0.411 - 0.522],(4 - 5],[0.0 - 1.0],(16.0 - 20.0],69.106
(2.033 - 5.318],(5 - 7],(14.0 - 93.0],(13.0 - 16.0],60.668
(0.335 - 0.411],(7 - 10],(9.0 - 14.0],[0.0 - 4.0],100.0
(0.335 - 0.411],(7 - 10],(14.0 - 93.0],[0.0 - 4.0],95.49
(1.071 - 2.033],(7 - 10],(9.0 - 14.0],(7.0 - 10.0],86.841
(0.713 - 1.071],(5 - 7],(14.0 - 93.0],[0.0 - 4.0],94.732
(0.522 - 0.713],(4 - 5],(14.0 - 93.0],[0.0 - 4.0],90.613
(0.522 - 0.713],(4 - 5],(14.0 - 93.0],[0.0 - 4.0],76.454
(0.335 - 0.411],(7 - 10],(14.0 - 93.0],(4.0 - 7.0],88.912
(2.033 - 5.318],(4 - 5],(9.0 - 14.0],(10.0 - 13.0],94.299
(0.411 - 0.522],(3 - 4],(5.0 - 9.0],[0.0 - 4.0],82.046
(0.335 - 0.411],(4 - 5],(14.0 - 93.0],[0.0 - 4.0],95.932
(0.335 - 0.411],(4 - 5],(14.0 - 93.0],[0.0 - 4.0],97.776
(0.335 - 0.411],(7 - 10],(14.0 - 93.0],(7.0 - 10.0],85.979
(0.335 - 0.411],(5 - 7],(14.0 - 93.0],(4.0 - 7.0],76.068
(0.713 - 1.071],(3 - 4],(3.0 - 5.0],[0.0 - 4.0],80.221
(0.713 - 1.071],(7 - 10],(3.0 - 5.0],[0.0 - 4.0],90.257
(0.335 - 0.411],(5 - 7],(9.0 - 14.0],[0.0 - 4.0],89.789
(0.522 - 0.713],(4 - 5],(9.0 - 14.0],[0.0 - 4.0],97.415
(0.411 - 0.522],(5 - 7],(14.0 - 93.0],[0.0 - 4.0],97.237
(2.033 - 5.318],(4 - 5],(3.0 - 5.0],[0.0 - 4.0],91.888
(1.071 - 2.033],(4 - 5],(9.0 - 14.0],(4.0 - 7.0],87.078
(1.071 - 2.033],(7 - 10],(9.0 - 14.0],(10.0 - 13.0],84.485
(0.713 - 1.071],(4 - 5],(5.0 - 9.0],[0.0 - 4.0],85.101
(0.522 - 0.713],(4 - 5],[0.0 - 1.0],[0.0 - 4.0],90.829
(0.713 - 1.071],(4 - 5],(14.0 - 93.0],(4.0 - 7.0],80.413
(0.411 - 0.522],(4 - 5],[0.0 - 1.0],(13.0 - 16.0],84.961
(0.522 - 0.713],(5 - 7],(2.0 - 3.0],(10.0 - 13.0],91.187
(18.792 - 30.494],(5 - 7],[0.0 - 1.0],(20.0 - 24.8],10.487
(1.071 - 2.033],(4 - 5],(5.0 - 9.0],(10.0 - 13.0],61.268
(0.713 - 1.071],(4 - 5],(9.0 - 14.0],(4.0 - 7.0],89.511
(0.411 - 0.522],(5 - 7],(14.0 - 93.0],(4.0 - 7.0],82.62
(0.522 - 0.713],(4 - 5],(14.0 - 93.0],[0.0 - 4.0],77.804
(0.411 - 0.522],(4 - 5],(14.0 - 93.0],[0.0 - 4.0],96.53
(0.335 - 0.411],(5 - 7],[0.0 - 1.0],(7.0 - 10.0],87.567
(0.335 - 0.411],(2 - 3],(14.0 - 93.0],[0.0 - 4.0],67.846
(0.335 - 0.411],(4 - 5],(5.0 - 9.0],[0.0 - 4.0],96.332
(0.522 - 0.713],(4 - 5],[0.0 - 1.0],(4.0 - 7.0],90.663
(0.522 - 0.713],(4 - 5],(1.0 - 2.0],(7.0 - 10.0],86.038
(1.071 - 2.033],(4 - 5],(5.0 - 9.0],(7.0 - 10.0],91.127
(1.071 - 2.033],(4 - 5],(1.0 - 2.0],[0.0 - 4.0],93.964
(0.522 - 0.713],(4 - 5],(14.0 - 93.0],(7.0 - 10.0],75.949
(0.522 - 0.713],(4 - 5],(9.0 - 14.0],(7.0 - 10.0],94.794
(0.713 - 1.071],(4 - 5],(9.0 - 14.0],[0.0 - 4.0],92.537
(0.411 - 0.522],(7 - 10],[0.0 - 1.0],[0.0 - 4.0],95.833
(0.713 - 1.071],(4 - 5],(1.0 - 2.0],[0.0 - 4.0],90.291
(0.713 - 1.071],(3 - 4],(1.0 - 2.0],(10.0 - 13.0],70.2
(2.033 - 5.318],(4 - 5],(3.0 - 5.0],(20.0 - 24.8],68.637
(0.713 - 1.071],(4 - 5],(9.0 - 14.0],(7.0 - 10.0],72.392
(0.522 - 0.713],(5 - 7],(14.0 - 93.0],(7.0 - 10.0],91.345
(0.522 - 0.713],(4 - 5],(2.0 - 3.0],(10.0 - 13.0],89.66
(0.335 - 0.411],(5 - 7],(14.0 - 93.0],(13.0 - 16.0],77.835
(0.713 - 1.071],(7 - 10],(5.0 - 9.0],(7.0 - 10.0],95.703
(0.335 - 0.411],(4 - 5],(14.0 - 93.0],[0.0 - 4.0],91.417
(0.411 - 0.522],(7 - 10],(9.0 - 14.0],(4.0 - 7.0],96.409
(0.411 - 0.522],(5 - 7],(9.0 - 14.0],(4.0 - 7.0],96.157
(0.335 - 0.411],(5 - 7],(9.0 - 14.0],[0.0 - 4.0],89.177
(1.071 - 2.033],(7 - 10],(14.0 - 93.0],(4.0 - 7.0],94.477
(5.318 - 18.792],(4 - 5],(2.0 - 3.0],(10.0 - 13.0],90.971
(0.411 - 0.522],(7 - 10],(1.0 - 2.0],(13.0 - 16.0],97.831
(0.411 - 0.522],(5 - 7],(14.0 - 93.0],[0.0 - 4.0],93.033
(0.522 - 0.713],(4 - 5],[0.0 - 1.0],(24.8 - 29.0],85.519
(0.713 - 1.071],(5 - 7],[0.0 - 1.0],(4.0 - 7.0],90.505
(0.713 - 1.071],(7 - 10],(3.0 - 5.0],(4.0 - 7.0],97.69
(30.494 - 34.87],(2 - 3],[0.0 - 1.0],(16.0 - 20.0],54.384
(5.318 - 18.792],(2 - 3],[0.0 - 1.0],(13.0 - 16.0],44.706
(30.494 - 34.87],(2 - 3],(3.0 - 5.0],(29.0 - 35.0],67.181
(18.792 - 30.494],(2 - 3],(5.0 - 9.0],(20.0 - 24.8],56.558
(30.494 - 34.87],(2 - 3],[0.0 - 1.0],(24.8 - 29.0],48.345
(18.792 - 30.494],(2 - 3],[0.0 - 1.0],(24.8 - 29.0],44.796
(30.494 - 34.87],(2 - 3],(5.0 - 9.0],(24.8 - 29.0],53.134
(18.792 - 30.494],(2 - 3],[0.0 - 1.0],(20.0 - 24.8],48.014
(30.494 - 34.87],(2 - 3],[0.0 - 1.0],(29.0 - 35.0],45.159
(30.494 - 34.87],(2 - 3],[0.0 - 1.0],(29.0 - 35.0],41.863
(30.494 - 34.87],(2 - 3],(5.0 - 9.0],(13.0 - 16.0],45.107
(5.318 - 18.792],(2 - 3],[0.0 - 1.0],(24.8 - 29.0],44.954
(30.494 - 34.87],(2 - 3],(1.0 - 2.0],(24.8 - 29.0],56.123
(30.494 - 34.87],(2 - 3],[0.0 - 1.0],(35.0 - 59.0],44.081
(5.318 - 18.792],(2 - 3],[0.0 - 1.0],(10.0 - 13.0],51.59
(30.494 - 34.87],(2 - 3],[0.0 - 1.0],(35.0 - 59.0],40.556
(30.494 - 34.87],(2 - 3],[0.0 - 1.0],(35.0 - 59.0],76.733
(30.494 - 34.87],(2 - 3],[0.0 - 1.0],(29.0 - 35.0],45.852
(30.494 - 34.87],(2 - 3],(2.0 - 3.0],(20.0 - 24.8],65.772
(30.494 - 34.87],(2 - 3],[0.0 - 1.0],(20.0 - 24.8],45.064
(5.318 - 18.792],(2 - 3],[0.0 - 1.0],(10.0 - 13.0],48.822
(30.494 - 34.87],(2 - 3],[0.0 - 1.0],(29.0 - 35.0],77.167
(30.494 - 34.87],(2 - 3],[0.0 - 1.0],(35.0 - 59.0],45.244
(30.494 - 34.87],(2 - 3],(2.0 - 3.0],(29.0 - 35.0],48.019
(18.792 - 30.494],(2 - 3],[0.0 - 1.0],(29.0 - 35.0],47.174
(30.494 - 34.87],(2 - 3],[0.0 - 1.0],(29.0 - 35.0],42.756
(30.494 - 34.87],(2 - 3],(3.0 - 5.0],(20.0 - 24.8],55.955
(30.494 - 34.87],(2 - 3],(2.0 - 3.0],(29.0 - 35.0],54.789
(30.494 - 34.87],(2 - 3],[0.0 - 1.0],(35.0 - 59.0],42.304
(30.494 - 34.87],(2 - 3],(2.0 - 3.0],(35.0 - 59.0],46.822
(30.494 - 34.87],(2 - 3],[0.0 - 1.0],(20.0 - 24.8],44.401
(30.494 - 34.87],(2 - 3],[0.0 - 1.0],(24.8 - 29.0],43.745
(18.792 - 30.494],(2 - 3],[0.0 - 1.0],(35.0 - 59.0],37.268
(18.792 - 30.494],(2 - 3],[0.0 - 1.0],(35.0 - 59.0],50.033
(18.792 - 30.494],(2 - 3],[0.0 - 1.0],(35.0 - 59.0],39.079
(5.318 - 18.792],(2 - 3],[0.0 - 1.0],(20.0 - 24.8],42.668
(18.792 - 30.494],(2 - 3],[0.0 - 1.0],(16.0 - 20.0],51.135
(30.494 - 34.87],(2 - 3],[0.0 - 1.0],(35.0 - 59.0],41.247
(30.494 - 34.87],(2 - 3],(1.0 - 2.0],(20.0 - 24.8],54.441
(30.494 - 34.87],(2 - 3],[0.0 - 1.0],(24.8 - 29.0],40.116
(30.494 - 34.87],(2 - 3],[0.0 - 1.0],(35.0 - 59.0],43.646
(5.318 - 18.792],(2 - 3],[0.0 - 1.0],(10.0 - 13.0],50.856
(30.494 - 34.87],(2 - 3],(3.0 - 5.0],(20.0 - 24.8],55.237
(34.87 - 95.677],(2 - 3],[0.0 - 1.0],(24.8 - 29.0],55.474
(34.87 - 95.677],(10 - 41],[0.0 - 1.0],(29.0 - 35.0],81.544
(34.87 - 95.677],(7 - 10],[0.0 - 1.0],(29.0 - 35.0],51.914
(34.87 - 95.677],(10 - 41],[0.0 - 1.0],(24.8 - 29.0],85.351
(34.87 - 95.677],(10 - 41],[0.0 - 1.0],(24.8 - 29.0],65.198
(34.87 - 95.677],(10 - 41],[0.0 - 1.0],(29.0 - 35.0],49.709
(34.87 - 95.677],(10 - 41],[0.0 - 1.0],(20.0 - 24.8],78.546
(34.87 - 95.677],(10 - 41],[0.0 - 1.0],(29.0 - 35.0],76.63
(34.87 - 95.677],(10 - 41],[0.0 - 1.0],(20.0 - 24.8],59.931
(34.87 - 95.677],(10 - 41],[0.0 - 1.0],(29.0 - 35.0],59.965
(34.87 - 95.677],(10 - 41],[0.0 - 1.0],(24.8 - 29.0],72.022
(34.87 - 95.677],(10 - 41],[0.0 - 1.0],(29.0 - 35.0],47.225
(34.87 - 95.677],(10 - 41],[0.0 - 1.0],(24.8 - 29.0],88.182
(34.87 - 95.677],(10 - 41],[0.0 - 1.0],(24.8 - 29.0],55.971
(34.87 - 95.677],(10 - 41],(1.0 - 2.0],(20.0 - 24.8],99.337
(34.87 - 95.677],(7 - 10],[0.0 - 1.0],(24.8 - 29.0],67.85
(34.87 - 95.677],(10 - 41],[0.0 - 1.0],(35.0 - 59.0],46.214
(34.87 - 95.677],(10 - 41],[0.0 - 1.0],(29.0 - 35.0],59.135
(34.87 - 95.677],(10 - 41],[0.0 - 1.0],(29.0 - 35.0],67.947
(34.87 - 95.677],(10 - 41],[0.0 - 1.0],(24.8 - 29.0],73.077
(34.87 - 95.677],(10 - 41],[0.0 - 1.0],(24.8 - 29.0],77.26
(34.87 - 95.677],(10 - 41],[0.0 - 1.0],(35.0 - 59.0],72.798
(34.87 - 95.677],(10 - 41],[0.0 - 1.0],(29.0 - 35.0],85.359
(34.87 - 95.677],(10 - 41],(1.0 - 2.0],(24.8 - 29.0],88.443
(34.87 - 95.677],(10 - 41],[0.0 - 1.0],(24.8 - 29.0],68.182
(34.87 - 95.677],(10 - 41],[0.0 - 1.0],(29.0 - 35.0],47.847
(34.87 - 95.677],(10 - 41],[0.0 - 1.0],(20.0 - 24.8],77.94
(34.87 - 95.677],(7 - 10],[0.0 - 1.0],(24.8 - 29.0],52.737
(34.87 - 95.677],(10 - 41],[0.0 - 1.0],(24.8 - 29.0],85.479
(34.87 - 95.677],(7 - 10],[0.0 - 1.0],(24.8 - 29.0],77.634
(34.87 - 95.677],(10 - 41],[0.0 - 1.0],(20.0 - 24.8],75.749
(34.87 - 95.677],(10 - 41],[0.0 - 1.0],(29.0 - 35.0],88.712
(34.87 - 95.677],(10 - 41],[0.0 - 1.0],(24.8 - 29.0],82.351
(34.87 - 95.677],(10 - 41],[0.0 - 1.0],(29.0 - 35.0],88.543
(34.87 - 95.677],(10 - 41],(3.0 - 5.0],(24.8 - 29.0],73.096
(34.87 - 95.677],(10 - 41],[0.0 - 1.0],(16.0 - 20.0],72.973
