D,Spk,OS,SNR,Coverage
(34.876 - 95.677],(5 - 7],[0.0 - 1.0],(4.0 - 8.0],37.494
(34.876 - 95.677],(4 - 5],[0.0 - 1.0],(17.0 - 21.0],52.796
(34.876 - 95.677],(4 - 5],(2.0 - 3.0],(13.0 - 17.0],33.184
(34.876 - 95.677],(5 - 7],[0.0 - 1.0],(4.0 - 8.0],41.043
(34.876 - 95.677],(5 - 7],[0.0 - 1.0],(4.0 - 8.0],44.025
(34.876 - 95.677],(5 - 7],(1.0 - 2.0],(4.0 - 8.0],40.293
(34.876 - 95.677],(4 - 5],[0.0 - 1.0],(13.0 - 17.0],41.584
(34.876 - 95.677],(5 - 7],(2.0 - 3.0],(4.0 - 8.0],34.383
(34.876 - 95.677],(5 - 7],(1.0 - 2.0],(4.0 - 8.0],31.54
(34.876 - 95.677],(4 - 5],[0.0 - 1.0],(17.0 - 21.0],40.662
(34.876 - 95.677],(5 - 7],[0.0 - 1.0],(8.0 - 10.0],60.487
(34.876 - 95.677],(4 - 5],[0.0 - 1.0],(13.0 - 17.0],43.447
(34.876 - 95.677],(5 - 7],(1.0 - 2.0],(10.0 - 13.0],39.076
(34.876 - 95.677],(5 - 7],[0.0 - 1.0],(4.0 - 8.0],45.119
(34.876 - 95.677],(5 - 7],(2.0 - 3.0],(4.0 - 8.0],32.268
(34.876 - 95.677],(4 - 5],[0.0 - 1.0],(21.0 - 25.0],50.476
(34.876 - 95.677],(5 - 7],[0.0 - 1.0],(4.0 - 8.0],29.184
(34.876 - 95.677],(5 - 7],(1.0 - 2.0],(10.0 - 13.0],37.891
(34.876 - 95.677],(4 - 5],[0.0 - 1.0],(13.0 - 17.0],36.137
(11.811 - 20.001],(3 - 4],(3.0 - 5.0],(17.0 - 21.0],29.073
(34.876 - 95.677],(3 - 4],(2.0 - 3.0],(21.0 - 25.0],22.315
(20.001 - 31.029],(3 - 4],(13.0 - 63.0],(25.0 - 29.0],27.575
(31.029 - 34.876],(3 - 4],(3.0 - 5.0],(21.0 - 25.0],30.54
(34.876 - 95.677],(3 - 4],[0.0 - 1.0],(21.0 - 25.0],33.025
(34.876 - 95.677],(3 - 4],(3.0 - 5.0],(21.0 - 25.0],40.401
(34.876 - 95.677],(3 - 4],(13.0 - 63.0],(25.0 - 29.0],26.347
(11.811 - 20.001],(3 - 4],(5.0 - 8.0],(17.0 - 21.0],21.273
(34.876 - 95.677],(2 - 3],(8.0 - 13.0],(29.0 - 36.0],29.916
(20.001 - 31.029],(3 - 4],(2.0 - 3.0],(21.0 - 25.0],33.233
(34.876 - 95.677],(3 - 4],[0.0 - 1.0],(29.0 - 36.0],27.609
(31.029 - 34.876],(3 - 4],(3.0 - 5.0],(21.0 - 25.0],25.863
(34.876 - 95.677],(3 - 4],(13.0 - 63.0],(21.0 - 25.0],28.233
(34.876 - 95.677],(3 - 4],(8.0 - 13.0],(17.0 - 21.0],30.272
(20.001 - 31.029],(3 - 4],[0.0 - 1.0],(21.0 - 25.0],22.918
(34.876 - 95.677],(3 - 4],(5.0 - 8.0],(25.0 - 29.0],33.891
(11.811 - 20.001],(7 - 10],[0.0 - 1.0],(8.0 - 10.0],35.868
(3.204 - 11.811],(5 - 7],[0.0 - 1.0],(25.0 - 29.0],29.968
(3.204 - 11.811],(7 - 10],[0.0 - 1.0],(21.0 - 25.0],37.469
(11.811 - 20.001],(10 - 41],(13.0 - 63.0],(17.0 - 21.0],29.571
(11.811 - 20.001],[1 - 2],(3.0 - 5.0],(21.0 - 25.0],20.385
(1.466 - 3.204],(2 - 3],(13.0 - 63.0],(17.0 - 21.0],28.313
(1.466 - 3.204],(2 - 3],[0.0 - 1.0],(36.0 - 59.0],26.163
(1.466 - 3.204],(3 - 4],[0.0 - 1.0],(36.0 - 59.0],32.678
(11.811 - 20.001],(5 - 7],[0.0 - 1.0],(8.0 - 10.0],22.582
(11.811 - 20.001],(5 - 7],[0.0 - 1.0],(25.0 - 29.0],32.584
(3.204 - 11.811],[1 - 2],[0.0 - 1.0],(29.0 - 36.0],31.001
(3.204 - 11.811],(5 - 7],[0.0 - 1.0],(13.0 - 17.0],45.905
(3.204 - 11.811],[1 - 2],[0.0 - 1.0],(36.0 - 59.0],38.231
(11.811 - 20.001],(5 - 7],[0.0 - 1.0],(25.0 - 29.0],46.182
(3.204 - 11.811],(3 - 4],(13.0 - 63.0],(21.0 - 25.0],22.918
(11.811 - 20.001],(5 - 7],(1.0 - 2.0],(25.0 - 29.0],37.732
(1.466 - 3.204],(3 - 4],[0.0 - 1.0],(13.0 - 17.0],33.003
(11.811 - 20.001],(10 - 41],[0.0 - 1.0],(10.0 - 13.0],27.321
(11.811 - 20.001],(7 - 10],[0.0 - 1.0],(29.0 - 36.0],44.257
(11.811 - 20.001],(7 - 10],[0.0 - 1.0],(8.0 - 10.0],21.38
(3.204 - 11.811],(5 - 7],[0.0 - 1.0],(17.0 - 21.0],23.916
(11.811 - 20.001],(10 - 41],(3.0 - 5.0],(13.0 - 17.0],36.28
(11.811 - 20.001],[1 - 2],[0.0 - 1.0],(29.0 - 36.0],31.358
(11.811 - 20.001],(7 - 10],(3.0 - 5.0],(25.0 - 29.0],26.722
(3.204 - 11.811],[1 - 2],(5.0 - 8.0],(17.0 - 21.0],21.309
(11.811 - 20.001],(4 - 5],[0.0 - 1.0],(21.0 - 25.0],37.974
(11.811 - 20.001],(5 - 7],[0.0 - 1.0],(36.0 - 59.0],43.043
(11.811 - 20.001],(10 - 41],(1.0 - 2.0],(29.0 - 36.0],35.406
(11.811 - 20.001],(7 - 10],(3.0 - 5.0],(25.0 - 29.0],33.847
(1.466 - 3.204],(5 - 7],(2.0 - 3.0],(29.0 - 36.0],49.088
(11.811 - 20.001],(7 - 10],[0.0 - 1.0],(13.0 - 17.0],24.417
(3.204 - 11.811],(5 - 7],[0.0 - 1.0],(25.0 - 29.0],32.228
(11.811 - 20.001],[1 - 2],[0.0 - 1.0],(36.0 - 59.0],26.715
(11.811 - 20.001],(10 - 41],[0.0 - 1.0],(10.0 - 13.0],38.492
(3.204 - 11.811],[1 - 2],[0.0 - 1.0],(13.0 - 17.0],18.787
(11.811 - 20.001],[1 - 2],[0.0 - 1.0],(29.0 - 36.0],16.508
(3.204 - 11.811],(10 - 41],[0.0 - 1.0],(25.0 - 29.0],41.285
(11.811 - 20.001],(10 - 41],[0.0 - 1.0],(36.0 - 59.0],44.756
(3.204 - 11.811],[1 - 2],(2.0 - 3.0],(29.0 - 36.0],28.607
(3.204 - 11.811],[1 - 2],[0.0 - 1.0],(36.0 - 59.0],31.527
(11.811 - 20.001],(7 - 10],(5.0 - 8.0],(29.0 - 36.0],31.713
(3.204 - 11.811],(2 - 3],[0.0 - 1.0],(29.0 - 36.0],32.203
(3.204 - 11.811],(2 - 3],[0.0 - 1.0],(36.0 - 59.0],26.811
(11.811 - 20.001],(7 - 10],[0.0 - 1.0],(8.0 - 10.0],24.766
(3.204 - 11.811],(3 - 4],(8.0 - 13.0],(21.0 - 25.0],33.433
(11.811 - 20.001],(10 - 41],(8.0 - 13.0],(17.0 - 21.0],31.921
(1.466 - 3.204],(5 - 7],(5.0 - 8.0],(17.0 - 21.0],37.484
(1.466 - 3.204],(2 - 3],(8.0 - 13.0],(25.0 - 29.0],30.061
(0.884 - 1.466],(4 - 5],[0.0 - 1.0],(13.0 - 17.0],51.723
(11.811 - 20.001],(7 - 10],[0.0 - 1.0],(10.0 - 13.0],36.952
(3.204 - 11.811],(2 - 3],(1.0 - 2.0],(17.0 - 21.0],36.829
(3.204 - 11.811],(3 - 4],[0.0 - 1.0],(36.0 - 59.0],50.146
(3.204 - 11.811],[1 - 2],[0.0 - 1.0],(10.0 - 13.0],15.387
(11.811 - 20.001],(5 - 7],[0.0 - 1.0],(29.0 - 36.0],40.223
(3.204 - 11.811],[1 - 2],[0.0 - 1.0],(21.0 - 25.0],25.768
(1.466 - 3.204],(3 - 4],(3.0 - 5.0],(25.0 - 29.0],35.45
(11.811 - 20.001],(10 - 41],[0.0 - 1.0],(13.0 - 17.0],32.11
(1.466 - 3.204],(10 - 41],[0.0 - 1.0],(21.0 - 25.0],39.001
(1.466 - 3.204],(3 - 4],(2.0 - 3.0],(25.0 - 29.0],39.773
(1.466 - 3.204],(2 - 3],[0.0 - 1.0],[0.0 - 4.0],24.083
(3.204 - 11.811],(7 - 10],[0.0 - 1.0],(36.0 - 59.0],51.38
(11.811 - 20.001],(7 - 10],(5.0 - 8.0],(21.0 - 25.0],26.387
(3.204 - 11.811],[1 - 2],[0.0 - 1.0],(13.0 - 17.0],33.599
(11.811 - 20.001],(7 - 10],[0.0 - 1.0],(29.0 - 36.0],45.698
(3.204 - 11.811],(7 - 10],[0.0 - 1.0],(13.0 - 17.0],55.774
(3.204 - 11.811],(4 - 5],[0.0 - 1.0],[0.0 - 4.0],34.029
(11.811 - 20.001],(5 - 7],(3.0 - 5.0],(29.0 - 36.0],32.485
(11.811 - 20.001],(10 - 41],[0.0 - 1.0],(10.0 - 13.0],27.379
(0.884 - 1.466],[1 - 2],(3.0 - 5.0],(13.0 - 17.0],31.165
(3.204 - 11.811],(7 - 10],[0.0 - 1.0],(10.0 - 13.0],38.495
(11.811 - 20.001],(5 - 7],[0.0 - 1.0],(29.0 - 36.0],32.372
(11.811 - 20.001],(7 - 10],[0.0 - 1.0],(4.0 - 8.0],29.199
(11.811 - 20.001],(10 - 41],(3.0 - 5.0],(17.0 - 21.0],36.228
(11.811 - 20.001],(5 - 7],[0.0 - 1.0],(36.0 - 59.0],35.483
(3.204 - 11.811],[1 - 2],[0.0 - 1.0],(29.0 - 36.0],27.392
(11.811 - 20.001],[1 - 2],(8.0 - 13.0],(36.0 - 59.0],25.863
(3.204 - 11.811],[1 - 2],(3.0 - 5.0],(17.0 - 21.0],22.743
(11.811 - 20.001],(10 - 41],(2.0 - 3.0],(10.0 - 13.0],31.366
(11.811 - 20.001],(5 - 7],[0.0 - 1.0],(8.0 - 10.0],29.972
(11.811 - 20.001],(7 - 10],(3.0 - 5.0],(36.0 - 59.0],29.128
(11.811 - 20.001],(3 - 4],[0.0 - 1.0],(29.0 - 36.0],29.087
(11.811 - 20.001],(7 - 10],(1.0 - 2.0],(29.0 - 36.0],42.198
(3.204 - 11.811],(4 - 5],(1.0 - 2.0],(36.0 - 59.0],39.13
(1.466 - 3.204],(3 - 4],[0.0 - 1.0],(25.0 - 29.0],24.632
(11.811 - 20.001],(5 - 7],[0.0 - 1.0],(13.0 - 17.0],25.639
(11.811 - 20.001],(10 - 41],(5.0 - 8.0],(21.0 - 25.0],40.915
(11.811 - 20.001],(5 - 7],[0.0 - 1.0],(29.0 - 36.0],42.306
(11.811 - 20.001],(2 - 3],[0.0 - 1.0],(13.0 - 17.0],31.759
(11.811 - 20.001],(4 - 5],[0.0 - 1.0],(21.0 - 25.0],31.739
(11.811 - 20.001],(10 - 41],(8.0 - 13.0],(17.0 - 21.0],28.92
(3.204 - 11.811],(5 - 7],[0.0 - 1.0],(36.0 - 59.0],28.817
(11.811 - 20.001],(3 - 4],[0.0 - 1.0],(36.0 - 59.0],34.301
(11.811 - 20.001],(7 - 10],[0.0 - 1.0],(8.0 - 10.0],24.962
(11.811 - 20.001],(7 - 10],(1.0 - 2.0],(10.0 - 13.0],30.847
(3.204 - 11.811],(7 - 10],[0.0 - 1.0],(21.0 - 25.0],41.223
(11.811 - 20.001],(10 - 41],[0.0 - 1.0],(10.0 - 13.0],27.829
(11.811 - 20.001],(5 - 7],(1.0 - 2.0],(17.0 - 21.0],32.59
(11.811 - 20.001],(5 - 7],(8.0 - 13.0],(21.0 - 25.0],22.787
(0.884 - 1.466],(3 - 4],[0.0 - 1.0],(29.0 - 36.0],37.408
(3.204 - 11.811],(7 - 10],[0.0 - 1.0],(36.0 - 59.0],40.449
(11.811 - 20.001],(7 - 10],[0.0 - 1.0],(29.0 - 36.0],37.297
(11.811 - 20.001],[1 - 2],[0.0 - 1.0],(10.0 - 13.0],32.63
(3.204 - 11.811],(5 - 7],[0.0 - 1.0],(13.0 - 17.0],23.337
(3.204 - 11.811],[1 - 2],[0.0 - 1.0],(21.0 - 25.0],17.589
(11.811 - 20.001],(7 - 10],[0.0 - 1.0],(36.0 - 59.0],41.416
(11.811 - 20.001],(5 - 7],(5.0 - 8.0],(21.0 - 25.0],31.879
(3.204 - 11.811],(10 - 41],[0.0 - 1.0],(17.0 - 21.0],42.785
(11.811 - 20.001],(7 - 10],[0.0 - 1.0],(17.0 - 21.0],51.903
(1.466 - 3.204],(2 - 3],[0.0 - 1.0],(29.0 - 36.0],34.481
(3.204 - 11.811],(7 - 10],(3.0 - 5.0],(25.0 - 29.0],33.116
(0.587 - 0.884],[1 - 2],[0.0 - 1.0],(29.0 - 36.0],21.85
(1.466 - 3.204],[1 - 2],[0.0 - 1.0],(10.0 - 13.0],22.606
(3.204 - 11.811],(7 - 10],(1.0 - 2.0],(21.0 - 25.0],38.892
(3.204 - 11.811],(7 - 10],[0.0 - 1.0],(29.0 - 36.0],28.518
(11.811 - 20.001],(7 - 10],[0.0 - 1.0],(4.0 - 8.0],27.225
(11.811 - 20.001],(10 - 41],[0.0 - 1.0],(21.0 - 25.0],46.72
(11.811 - 20.001],(5 - 7],(8.0 - 13.0],(17.0 - 21.0],29.975
(3.204 - 11.811],(5 - 7],[0.0 - 1.0],(17.0 - 21.0],27.154
(11.811 - 20.001],(3 - 4],[0.0 - 1.0],(36.0 - 59.0],28.772
(11.811 - 20.001],(10 - 41],[0.0 - 1.0],(10.0 - 13.0],30.884
(3.204 - 11.811],(2 - 3],[0.0 - 1.0],(13.0 - 17.0],25.251
(11.811 - 20.001],(10 - 41],[0.0 - 1.0],(25.0 - 29.0],63.933
(11.811 - 20.001],(4 - 5],[0.0 - 1.0],(10.0 - 13.0],26.035
(3.204 - 11.811],(7 - 10],[0.0 - 1.0],(21.0 - 25.0],33.126
(3.204 - 11.811],[1 - 2],(3.0 - 5.0],(17.0 - 21.0],26.385
(3.204 - 11.811],(4 - 5],(1.0 - 2.0],(29.0 - 36.0],35.846
(11.811 - 20.001],(7 - 10],[0.0 - 1.0],(8.0 - 10.0],26.337
(3.204 - 11.811],[1 - 2],[0.0 - 1.0],(17.0 - 21.0],21.661
(3.204 - 11.811],[1 - 2],[0.0 - 1.0],(36.0 - 59.0],20.993
(1.466 - 3.204],(7 - 10],(8.0 - 13.0],(4.0 - 8.0],29.071
(11.811 - 20.001],(5 - 7],(1.0 - 2.0],(17.0 - 21.0],38.077
(1.466 - 3.204],(3 - 4],[0.0 - 1.0],(21.0 - 25.0],32.175
(0.884 - 1.466],[1 - 2],(13.0 - 63.0],(25.0 - 29.0],29.063
(11.811 - 20.001],(10 - 41],[0.0 - 1.0],(13.0 - 17.0],42.056
(3.204 - 11.811],(10 - 41],[0.0 - 1.0],(25.0 - 29.0],39.025
(11.811 - 20.001],(10 - 41],[0.0 - 1.0],(10.0 - 13.0],28.633
(1.466 - 3.204],(4 - 5],(2.0 - 3.0],(29.0 - 36.0],30.069
(11.811 - 20.001],(5 - 7],[0.0 - 1.0],(21.0 - 25.0],42.075
(0.884 - 1.466],[1 - 2],[0.0 - 1.0],(36.0 - 59.0],17.117
(11.811 - 20.001],(3 - 4],(8.0 - 13.0],(21.0 - 25.0],28.374
(11.811 - 20.001],(5 - 7],[0.0 - 1.0],(10.0 - 13.0],24.975
(3.204 - 11.811],[1 - 2],[0.0 - 1.0],(13.0 - 17.0],22.552
(3.204 - 11.811],(10 - 41],[0.0 - 1.0],(29.0 - 36.0],45.279
(11.811 - 20.001],(10 - 41],[0.0 - 1.0],(10.0 - 13.0],32.071
(11.811 - 20.001],(2 - 3],[0.0 - 1.0],(36.0 - 59.0],17.026
(11.811 - 20.001],[1 - 2],[0.0 - 1.0],(10.0 - 13.0],20.832
(11.811 - 20.001],(5 - 7],(2.0 - 3.0],(17.0 - 21.0],42.696
(11.811 - 20.001],(7 - 10],(1.0 - 2.0],(29.0 - 36.0],48.659
(3.204 - 11.811],(2 - 3],(1.0 - 2.0],(13.0 - 17.0],28.355
(11.811 - 20.001],(5 - 7],(2.0 - 3.0],(29.0 - 36.0],29.61
(3.204 - 11.811],(3 - 4],(2.0 - 3.0],(17.0 - 21.0],34.525
(11.811 - 20.001],[1 - 2],[0.0 - 1.0],(25.0 - 29.0],25.222
(11.811 - 20.001],(10 - 41],(8.0 - 13.0],(21.0 - 25.0],30.008
(11.811 - 20.001],(7 - 10],(5.0 - 8.0],(25.0 - 29.0],35.359
(3.204 - 11.811],(10 - 41],(2.0 - 3.0],(25.0 - 29.0],36.051
(11.811 - 20.001],(5 - 7],[0.0 - 1.0],(29.0 - 36.0],43.266
(11.811 - 20.001],(10 - 41],(5.0 - 8.0],(21.0 - 25.0],27.965
(11.811 - 20.001],(5 - 7],(3.0 - 5.0],(25.0 - 29.0],25.79
(11.811 - 20.001],(7 - 10],(3.0 - 5.0],(29.0 - 36.0],33.207
(1.466 - 3.204],(7 - 10],(5.0 - 8.0],(29.0 - 36.0],45.681
(3.204 - 11.811],(5 - 7],(2.0 - 3.0],(25.0 - 29.0],29.451
(11.811 - 20.001],(5 - 7],[0.0 - 1.0],(21.0 - 25.0],34.089
(11.811 - 20.001],(5 - 7],(3.0 - 5.0],(17.0 - 21.0],28.62
(11.811 - 20.001],(7 - 10],[0.0 - 1.0],(10.0 - 13.0],23.125
(11.811 - 20.001],(7 - 10],[0.0 - 1.0],(13.0 - 17.0],25.003
(3.204 - 11.811],(3 - 4],[0.0 - 1.0],(29.0 - 36.0],33.927
(3.204 - 11.811],(3 - 4],[0.0 - 1.0],(25.0 - 29.0],43.628
(3.204 - 11.811],[1 - 2],(2.0 - 3.0],(8.0 - 10.0],22.301
(11.811 - 20.001],(5 - 7],[0.0 - 1.0],(13.0 - 17.0],26.534
(3.204 - 11.811],[1 - 2],[0.0 - 1.0],(36.0 - 59.0],36.636
(3.204 - 11.811],(7 - 10],(1.0 - 2.0],(29.0 - 36.0],33.874
(11.811 - 20.001],(5 - 7],(5.0 - 8.0],(25.0 - 29.0],36.47
(3.204 - 11.811],(10 - 41],(1.0 - 2.0],(17.0 - 21.0],46.122
(11.811 - 20.001],(3 - 4],[0.0 - 1.0],(21.0 - 25.0],41.398
(3.204 - 11.811],[1 - 2],[0.0 - 1.0],(29.0 - 36.0],41.634
(3.204 - 11.811],(10 - 41],[0.0 - 1.0],(21.0 - 25.0],35.997
(11.811 - 20.001],(10 - 41],(2.0 - 3.0],(25.0 - 29.0],45.027
(3.204 - 11.811],(5 - 7],(2.0 - 3.0],(8.0 - 10.0],32.222
(3.204 - 11.811],[1 - 2],(1.0 - 2.0],(29.0 - 36.0],23.268
(3.204 - 11.811],(7 - 10],[0.0 - 1.0],(13.0 - 17.0],44.234
(11.811 - 20.001],[1 - 2],(2.0 - 3.0],(29.0 - 36.0],25.213
(1.466 - 3.204],(3 - 4],[0.0 - 1.0],(29.0 - 36.0],27.335
(3.204 - 11.811],(7 - 10],(8.0 - 13.0],(8.0 - 10.0],30.7
(11.811 - 20.001],(5 - 7],[0.0 - 1.0],(36.0 - 59.0],36.229
(0.42 - 0.587],(2 - 3],[0.0 - 1.0],(10.0 - 13.0],41.453
(3.204 - 11.811],(4 - 5],(3.0 - 5.0],(29.0 - 36.0],38.646
(11.811 - 20.001],(4 - 5],(3.0 - 5.0],(13.0 - 17.0],31.561
(11.811 - 20.001],[1 - 2],(1.0 - 2.0],(36.0 - 59.0],29.693
(11.811 - 20.001],[1 - 2],[0.0 - 1.0],(21.0 - 25.0],19.49
(11.811 - 20.001],(5 - 7],(2.0 - 3.0],(25.0 - 29.0],18.89
(11.811 - 20.001],(7 - 10],[0.0 - 1.0],(13.0 - 17.0],25.262
(1.466 - 3.204],(2 - 3],(13.0 - 63.0],(17.0 - 21.0],23.344
(3.204 - 11.811],(3 - 4],(5.0 - 8.0],(17.0 - 21.0],25.219
(11.811 - 20.001],(7 - 10],(3.0 - 5.0],(25.0 - 29.0],30.739
(1.466 - 3.204],[1 - 2],[0.0 - 1.0],(36.0 - 59.0],27.857
(1.466 - 3.204],(4 - 5],[0.0 - 1.0],(21.0 - 25.0],40.887
(3.204 - 11.811],[1 - 2],[0.0 - 1.0],(36.0 - 59.0],16.536
(11.811 - 20.001],(5 - 7],[0.0 - 1.0],(29.0 - 36.0],31.167
(3.204 - 11.811],(5 - 7],(3.0 - 5.0],(29.0 - 36.0],24.921
(11.811 - 20.001],(10 - 41],(5.0 - 8.0],(25.0 - 29.0],30.896
(11.811 - 20.001],(10 - 41],(8.0 - 13.0],(21.0 - 25.0],32.438
(11.811 - 20.001],(5 - 7],[0.0 - 1.0],(13.0 - 17.0],26.361
(11.811 - 20.001],[1 - 2],[0.0 - 1.0],(36.0 - 59.0],17.466
(11.811 - 20.001],(5 - 7],[0.0 - 1.0],(10.0 - 13.0],23.414
(11.811 - 20.001],(7 - 10],[0.0 - 1.0],(21.0 - 25.0],53.887
(11.811 - 20.001],(10 - 41],[0.0 - 1.0],(8.0 - 10.0],38.128
(1.466 - 3.204],(3 - 4],[0.0 - 1.0],(13.0 - 17.0],31.009
(31.029 - 34.876],(3 - 4],(13.0 - 63.0],(10.0 - 13.0],25.037
(31.029 - 34.876],(2 - 3],[0.0 - 1.0],(8.0 - 10.0],34.787
(31.029 - 34.876],[1 - 2],[0.0 - 1.0],(21.0 - 25.0],29.391
(31.029 - 34.876],(2 - 3],[0.0 - 1.0],(4.0 - 8.0],29.194
(20.001 - 31.029],(3 - 4],(13.0 - 63.0],(10.0 - 13.0],24.287
(20.001 - 31.029],(2 - 3],[0.0 - 1.0],(13.0 - 17.0],36.604
(31.029 - 34.876],[1 - 2],[0.0 - 1.0],(21.0 - 25.0],30.546
(34.876 - 95.677],(3 - 4],(8.0 - 13.0],(21.0 - 25.0],25.437
(20.001 - 31.029],(2 - 3],(1.0 - 2.0],(13.0 - 17.0],28.063
(31.029 - 34.876],[1 - 2],[0.0 - 1.0],(17.0 - 21.0],36.329
(31.029 - 34.876],(3 - 4],(2.0 - 3.0],(17.0 - 21.0],25.481
(31.029 - 34.876],[1 - 2],[0.0 - 1.0],(21.0 - 25.0],25.267
(31.029 - 34.876],[1 - 2],[0.0 - 1.0],(17.0 - 21.0],23.443
(31.029 - 34.876],(3 - 4],(8.0 - 13.0],(17.0 - 21.0],32.22
(20.001 - 31.029],[1 - 2],[0.0 - 1.0],(13.0 - 17.0],28.408
(31.029 - 34.876],[1 - 2],[0.0 - 1.0],(29.0 - 36.0],27.042
(31.029 - 34.876],(3 - 4],(13.0 - 63.0],(13.0 - 17.0],26.052
(31.029 - 34.876],[1 - 2],(2.0 - 3.0],(17.0 - 21.0],32.136
(31.029 - 34.876],(3 - 4],(8.0 - 13.0],(13.0 - 17.0],31.943
(20.001 - 31.029],(3 - 4],(1.0 - 2.0],(17.0 - 21.0],33.922
(20.001 - 31.029],[1 - 2],[0.0 - 1.0],(25.0 - 29.0],30.648
(31.029 - 34.876],[1 - 2],[0.0 - 1.0],(21.0 - 25.0],32.153
(31.029 - 34.876],[1 - 2],[0.0 - 1.0],(17.0 - 21.0],29.704
(20.001 - 31.029],[1 - 2],[0.0 - 1.0],(29.0 - 36.0],33.551
(20.001 - 31.029],[1 - 2],[0.0 - 1.0],(13.0 - 17.0],50.875
(20.001 - 31.029],[1 - 2],[0.0 - 1.0],(25.0 - 29.0],21.47
(31.029 - 34.876],[1 - 2],[0.0 - 1.0],(10.0 - 13.0],23.747
(20.001 - 31.029],[1 - 2],[0.0 - 1.0],(29.0 - 36.0],24.209
(31.029 - 34.876],[1 - 2],[0.0 - 1.0],(17.0 - 21.0],19.491
(31.029 - 34.876],[1 - 2],[0.0 - 1.0],(17.0 - 21.0],30.894
(31.029 - 34.876],[1 - 2],[0.0 - 1.0],(29.0 - 36.0],26.3
(31.029 - 34.876],[1 - 2],[0.0 - 1.0],(21.0 - 25.0],31.769
(31.029 - 34.876],[1 - 2],[0.0 - 1.0],(17.0 - 21.0],34.098
(31.029 - 34.876],[1 - 2],(2.0 - 3.0],(13.0 - 17.0],35.393
(31.029 - 34.876],[1 - 2],[0.0 - 1.0],(21.0 - 25.0],27.165
(20.001 - 31.029],[1 - 2],[0.0 - 1.0],(29.0 - 36.0],28.136
(31.029 - 34.876],[1 - 2],[0.0 - 1.0],(21.0 - 25.0],25.171
(31.029 - 34.876],[1 - 2],[0.0 - 1.0],(25.0 - 29.0],23.281
(20.001 - 31.029],[1 - 2],[0.0 - 1.0],(17.0 - 21.0],27.35
(31.029 - 34.876],[1 - 2],[0.0 - 1.0],(29.0 - 36.0],20.391
(20.001 - 31.029],[1 - 2],[0.0 - 1.0],(21.0 - 25.0],26.353
(20.001 - 31.029],[1 - 2],[0.0 - 1.0],(25.0 - 29.0],28.686
(31.029 - 34.876],[1 - 2],[0.0 - 1.0],(25.0 - 29.0],20.693
(31.029 - 34.876],[1 - 2],[0.0 - 1.0],(21.0 - 25.0],21.559
(31.029 - 34.876],[1 - 2],[0.0 - 1.0],(8.0 - 10.0],30.467
(31.029 - 34.876],[1 - 2],(1.0 - 2.0],(17.0 - 21.0],27.03
(20.001 - 31.029],[1 - 2],[0.0 - 1.0],(17.0 - 21.0],35.126
(31.029 - 34.876],[1 - 2],[0.0 - 1.0],(17.0 - 21.0],28.578
(31.029 - 34.876],[1 - 2],[0.0 - 1.0],(4.0 - 8.0],44.056
(31.029 - 34.876],[1 - 2],[0.0 - 1.0],(10.0 - 13.0],30.64
(31.029 - 34.876],[1 - 2],[0.0 - 1.0],(36.0 - 59.0],18.898
(31.029 - 34.876],[1 - 2],[0.0 - 1.0],(21.0 - 25.0],40.248
(31.029 - 34.876],[1 - 2],[0.0 - 1.0],(21.0 - 25.0],29.096
(31.029 - 34.876],[1 - 2],(5.0 - 8.0],(13.0 - 17.0],24.588
(20.001 - 31.029],[1 - 2],[0.0 - 1.0],(17.0 - 21.0],33.843
(31.029 - 34.876],[1 - 2],[0.0 - 1.0],(25.0 - 29.0],24.625
(31.029 - 34.876],[1 - 2],[0.0 - 1.0],(21.0 - 25.0],23.086
(31.029 - 34.876],[1 - 2],[0.0 - 1.0],(25.0 - 29.0],18.154
(31.029 - 34.876],[1 - 2],[0.0 - 1.0],(13.0 - 17.0],28.942
(31.029 - 34.876],[1 - 2],(1.0 - 2.0],(17.0 - 21.0],22.81
(31.029 - 34.876],[1 - 2],[0.0 - 1.0],(36.0 - 59.0],20.518
(31.029 - 34.876],[1 - 2],[0.0 - 1.0],(13.0 - 17.0],27.06
(31.029 - 34.876],[1 - 2],[0.0 - 1.0],(21.0 - 25.0],31.626
(20.001 - 31.029],[1 - 2],[0.0 - 1.0],(10.0 - 13.0],30.786
(20.001 - 31.029],[1 - 2],[0.0 - 1.0],(25.0 - 29.0],21.343
(20.001 - 31.029],[1 - 2],[0.0 - 1.0],(17.0 - 21.0],38.775
(31.029 - 34.876],[1 - 2],[0.0 - 1.0],(25.0 - 29.0],21.09
(31.029 - 34.876],[1 - 2],[0.0 - 1.0],(21.0 - 25.0],29.47
(31.029 - 34.876],[1 - 2],[0.0 - 1.0],(29.0 - 36.0],25.368
(31.029 - 34.876],[1 - 2],[0.0 - 1.0],(21.0 - 25.0],21.204
(31.029 - 34.876],[1 - 2],(2.0 - 3.0],(13.0 - 17.0],29.805
(20.001 - 31.029],[1 - 2],[0.0 - 1.0],(21.0 - 25.0],28.163
(31.029 - 34.876],[1 - 2],[0.0 - 1.0],(13.0 - 17.0],26.037
(31.029 - 34.876],[1 - 2],[0.0 - 1.0],(17.0 - 21.0],25.627
(31.029 - 34.876],[1 - 2],[0.0 - 1.0],(25.0 - 29.0],34.402
(31.029 - 34.876],[1 - 2],[0.0 - 1.0],(25.0 - 29.0],36.771
(31.029 - 34.876],[1 - 2],[0.0 - 1.0],(29.0 - 36.0],22.874
(20.001 - 31.029],[1 - 2],[0.0 - 1.0],(17.0 - 21.0],25.422
(31.029 - 34.876],[1 - 2],[0.0 - 1.0],(13.0 - 17.0],36.64
(31.029 - 34.876],[1 - 2],[0.0 - 1.0],(25.0 - 29.0],24.376
(34.876 - 95.677],(10 - 41],[0.0 - 1.0],(36.0 - 59.0],34.553
(31.029 - 34.876],(5 - 7],[0.0 - 1.0],(29.0 - 36.0],48.292
(20.001 - 31.029],(5 - 7],[0.0 - 1.0],(25.0 - 29.0],57.674
(34.876 - 95.677],(10 - 41],[0.0 - 1.0],(36.0 - 59.0],41.127
(34.876 - 95.677],(10 - 41],[0.0 - 1.0],(36.0 - 59.0],36.526
(34.876 - 95.677],(10 - 41],[0.0 - 1.0],(36.0 - 59.0],39.267
(34.876 - 95.677],(10 - 41],[0.0 - 1.0],(36.0 - 59.0],62.961
(34.876 - 95.677],(10 - 41],[0.0 - 1.0],(29.0 - 36.0],34.052
(34.876 - 95.677],(10 - 41],[0.0 - 1.0],(29.0 - 36.0],44.378
(34.876 - 95.677],(5 - 7],[0.0 - 1.0],(36.0 - 59.0],33.642
(20.001 - 31.029],(5 - 7],[0.0 - 1.0],(25.0 - 29.0],40.745
(20.001 - 31.029],(5 - 7],[0.0 - 1.0],(36.0 - 59.0],45.903
(34.876 - 95.677],(10 - 41],[0.0 - 1.0],(36.0 - 59.0],50.517
(34.876 - 95.677],(7 - 10],[0.0 - 1.0],(36.0 - 59.0],46.541
(34.876 - 95.677],(5 - 7],[0.0 - 1.0],(36.0 - 59.0],45.89
(34.876 - 95.677],(10 - 41],[0.0 - 1.0],(36.0 - 59.0],40.778
(34.876 - 95.677],(10 - 41],[0.0 - 1.0],(36.0 - 59.0],45.574
(34.876 - 95.677],(7 - 10],[0.0 - 1.0],(36.0 - 59.0],42.392
(34.876 - 95.677],(7 - 10],[0.0 - 1.0],(36.0 - 59.0],52.129
(34.876 - 95.677],(10 - 41],[0.0 - 1.0],(36.0 - 59.0],45.985
(11.811 - 20.001],(4 - 5],[0.0 - 1.0],(36.0 - 59.0],47.127
(20.001 - 31.029],(4 - 5],[0.0 - 1.0],(17.0 - 21.0],38.539
(34.876 - 95.677],(7 - 10],[0.0 - 1.0],(36.0 - 59.0],49.848
(34.876 - 95.677],(10 - 41],[0.0 - 1.0],(36.0 - 59.0],34.981
(34.876 - 95.677],(10 - 41],[0.0 - 1.0],(36.0 - 59.0],59.485
(34.876 - 95.677],(10 - 41],[0.0 - 1.0],(36.0 - 59.0],48.547
(34.876 - 95.677],(7 - 10],[0.0 - 1.0],(29.0 - 36.0],42.193
(34.876 - 95.677],(7 - 10],[0.0 - 1.0],(25.0 - 29.0],42.819
(34.876 - 95.677],(5 - 7],[0.0 - 1.0],(29.0 - 36.0],29.339
(34.876 - 95.677],(7 - 10],[0.0 - 1.0],(36.0 - 59.0],37.658
(34.876 - 95.677],(7 - 10],[0.0 - 1.0],(36.0 - 59.0],38.698
(34.876 - 95.677],(10 - 41],[0.0 - 1.0],(29.0 - 36.0],31.674
(34.876 - 95.677],(7 - 10],[0.0 - 1.0],(29.0 - 36.0],42.929
(34.876 - 95.677],(7 - 10],[0.0 - 1.0],(29.0 - 36.0],41.875
(34.876 - 95.677],(4 - 5],[0.0 - 1.0],(36.0 - 59.0],40.733
(34.876 - 95.677],(10 - 41],[0.0 - 1.0],(36.0 - 59.0],41.593
(34.876 - 95.677],(7 - 10],[0.0 - 1.0],(29.0 - 36.0],62.755
(20.001 - 31.029],(7 - 10],[0.0 - 1.0],(25.0 - 29.0],65.846
(34.876 - 95.677],(10 - 41],[0.0 - 1.0],(25.0 - 29.0],55.607
(34.876 - 95.677],(10 - 41],[0.0 - 1.0],(36.0 - 59.0],38.156
(31.029 - 34.876],[1 - 2],[0.0 - 1.0],(36.0 - 59.0],32.558
(20.001 - 31.029],(5 - 7],[0.0 - 1.0],(36.0 - 59.0],53.26
(34.876 - 95.677],(10 - 41],[0.0 - 1.0],(36.0 - 59.0],33.464
(34.876 - 95.677],(7 - 10],[0.0 - 1.0],(25.0 - 29.0],62.417
(0.335 - 0.42],[1 - 2],[0.0 - 1.0],(10.0 - 13.0],19.763
(0.335 - 0.42],(2 - 3],(8.0 - 13.0],(4.0 - 8.0],26.997
(0.335 - 0.42],(2 - 3],[0.0 - 1.0],[0.0 - 4.0],37.689
(0.587 - 0.884],[1 - 2],(5.0 - 8.0],(4.0 - 8.0],23.124
(0.884 - 1.466],(2 - 3],[0.0 - 1.0],[0.0 - 4.0],19.945
(0.884 - 1.466],[1 - 2],(3.0 - 5.0],(25.0 - 29.0],31.321
(1.466 - 3.204],(3 - 4],(2.0 - 3.0],(4.0 - 8.0],23.845
(0.42 - 0.587],[1 - 2],(8.0 - 13.0],(13.0 - 17.0],22.944
(0.335 - 0.42],[1 - 2],[0.0 - 1.0],(10.0 - 13.0],30.079
(1.466 - 3.204],(3 - 4],(8.0 - 13.0],(10.0 - 13.0],22.7
(0.587 - 0.884],[1 - 2],[0.0 - 1.0],(4.0 - 8.0],23.456
(0.884 - 1.466],[1 - 2],(3.0 - 5.0],(4.0 - 8.0],27.324
(1.466 - 3.204],[1 - 2],(2.0 - 3.0],(25.0 - 29.0],27.771
(0.335 - 0.42],(2 - 3],(13.0 - 63.0],[0.0 - 4.0],34.383
(0.42 - 0.587],(3 - 4],(5.0 - 8.0],[0.0 - 4.0],25.969
(0.884 - 1.466],[1 - 2],[0.0 - 1.0],(13.0 - 17.0],29.809
(11.811 - 20.001],[1 - 2],(8.0 - 13.0],(4.0 - 8.0],24.698
(0.42 - 0.587],(3 - 4],(5.0 - 8.0],(8.0 - 10.0],32.469
(0.42 - 0.587],[1 - 2],(5.0 - 8.0],(4.0 - 8.0],28.839
(0.42 - 0.587],[1 - 2],[0.0 - 1.0],(8.0 - 10.0],29.21
(0.884 - 1.466],(2 - 3],(8.0 - 13.0],(10.0 - 13.0],28.792
(0.42 - 0.587],[1 - 2],[0.0 - 1.0],(17.0 - 21.0],35.287
(0.587 - 0.884],[1 - 2],(8.0 - 13.0],(17.0 - 21.0],24.739
(1.466 - 3.204],(2 - 3],(3.0 - 5.0],(21.0 - 25.0],20.657
(0.587 - 0.884],[1 - 2],[0.0 - 1.0],(8.0 - 10.0],37.292
(0.884 - 1.466],[1 - 2],[0.0 - 1.0],(17.0 - 21.0],36.081
(0.884 - 1.466],[1 - 2],[0.0 - 1.0],(17.0 - 21.0],27.737
(0.42 - 0.587],[1 - 2],[0.0 - 1.0],[0.0 - 4.0],22.612
(0.42 - 0.587],[1 - 2],[0.0 - 1.0],(4.0 - 8.0],24.463
(1.466 - 3.204],[1 - 2],(2.0 - 3.0],(13.0 - 17.0],26.697
(0.42 - 0.587],(2 - 3],(13.0 - 63.0],(8.0 - 10.0],30.763
(1.466 - 3.204],[1 - 2],[0.0 - 1.0],(29.0 - 36.0],25.083
(0.42 - 0.587],(3 - 4],(8.0 - 13.0],(8.0 - 10.0],32.592
(11.811 - 20.001],[1 - 2],(2.0 - 3.0],(13.0 - 17.0],24.971
(0.587 - 0.884],[1 - 2],[0.0 - 1.0],(29.0 - 36.0],30.443
(0.335 - 0.42],[1 - 2],(8.0 - 13.0],(10.0 - 13.0],21.373
(0.335 - 0.42],(2 - 3],(8.0 - 13.0],(4.0 - 8.0],26.888
(0.884 - 1.466],(2 - 3],(3.0 - 5.0],(21.0 - 25.0],21.647
(0.335 - 0.42],[1 - 2],(3.0 - 5.0],(10.0 - 13.0],24.837
(0.587 - 0.884],(2 - 3],(3.0 - 5.0],(17.0 - 21.0],27.643
(0.587 - 0.884],[1 - 2],(8.0 - 13.0],(10.0 - 13.0],27.653
(1.466 - 3.204],[1 - 2],(5.0 - 8.0],(21.0 - 25.0],25.413
(0.884 - 1.466],[1 - 2],(3.0 - 5.0],[0.0 - 4.0],34.281
(0.335 - 0.42],[1 - 2],[0.0 - 1.0],(17.0 - 21.0],24.624
(0.884 - 1.466],[1 - 2],(13.0 - 63.0],(4.0 - 8.0],22.989
(0.42 - 0.587],[1 - 2],(1.0 - 2.0],(4.0 - 8.0],31.932
(0.587 - 0.884],[1 - 2],(2.0 - 3.0],(10.0 - 13.0],34.708
(0.587 - 0.884],[1 - 2],(8.0 - 13.0],(10.0 - 13.0],26.526
(0.42 - 0.587],[1 - 2],(5.0 - 8.0],(13.0 - 17.0],29.133
(1.466 - 3.204],[1 - 2],(1.0 - 2.0],[0.0 - 4.0],22.461
(1.466 - 3.204],(2 - 3],(3.0 - 5.0],(17.0 - 21.0],22.732
(0.587 - 0.884],(2 - 3],(1.0 - 2.0],[0.0 - 4.0],27.662
(3.204 - 11.811],[1 - 2],(3.0 - 5.0],(4.0 - 8.0],25.176
(3.204 - 11.811],[1 - 2],(5.0 - 8.0],(10.0 - 13.0],22.165
(0.884 - 1.466],[1 - 2],(8.0 - 13.0],(17.0 - 21.0],17.767
(0.42 - 0.587],(3 - 4],(8.0 - 13.0],[0.0 - 4.0],32.953
(0.884 - 1.466],[1 - 2],[0.0 - 1.0],(21.0 - 25.0],25.367
(0.587 - 0.884],(2 - 3],[0.0 - 1.0],[0.0 - 4.0],34.125
(0.335 - 0.42],[1 - 2],[0.0 - 1.0],[0.0 - 4.0],38.878
(0.587 - 0.884],[1 - 2],(8.0 - 13.0],(10.0 - 13.0],19.694
(0.42 - 0.587],(3 - 4],(13.0 - 63.0],(4.0 - 8.0],32.914
(0.884 - 1.466],[1 - 2],[0.0 - 1.0],(4.0 - 8.0],27.455
(0.335 - 0.42],[1 - 2],[0.0 - 1.0],(8.0 - 10.0],26.117
(0.884 - 1.466],[1 - 2],(2.0 - 3.0],(13.0 - 17.0],25.889
(0.335 - 0.42],(2 - 3],(13.0 - 63.0],(8.0 - 10.0],34.173
(0.42 - 0.587],[1 - 2],[0.0 - 1.0],(13.0 - 17.0],20.851
(1.466 - 3.204],(3 - 4],(13.0 - 63.0],[0.0 - 4.0],23.946
(0.587 - 0.884],[1 - 2],[0.0 - 1.0],(36.0 - 59.0],31.685
(0.884 - 1.466],[1 - 2],(8.0 - 13.0],(13.0 - 17.0],27.042
(0.587 - 0.884],[1 - 2],[0.0 - 1.0],(8.0 - 10.0],27.329
(0.884 - 1.466],[1 - 2],(5.0 - 8.0],(8.0 - 10.0],24.329
(0.335 - 0.42],(2 - 3],(5.0 - 8.0],(4.0 - 8.0],27.119
(1.466 - 3.204],[1 - 2],(1.0 - 2.0],(29.0 - 36.0],33.446
(0.335 - 0.42],[1 - 2],(13.0 - 63.0],[0.0 - 4.0],29.859
(0.42 - 0.587],(2 - 3],(2.0 - 3.0],(10.0 - 13.0],37.96
(0.884 - 1.466],[1 - 2],(8.0 - 13.0],(10.0 - 13.0],25.256
(0.587 - 0.884],[1 - 2],(2.0 - 3.0],(4.0 - 8.0],26.847
(0.587 - 0.884],[1 - 2],[0.0 - 1.0],(8.0 - 10.0],33.208
(0.42 - 0.587],(2 - 3],[0.0 - 1.0],(4.0 - 8.0],34.687
(0.42 - 0.587],[1 - 2],(3.0 - 5.0],[0.0 - 4.0],33.093
(0.587 - 0.884],[1 - 2],[0.0 - 1.0],(17.0 - 21.0],29.943
(0.884 - 1.466],[1 - 2],[0.0 - 1.0],(8.0 - 10.0],23.628
(0.42 - 0.587],[1 - 2],(8.0 - 13.0],(10.0 - 13.0],29.682
(0.42 - 0.587],[1 - 2],[0.0 - 1.0],(29.0 - 36.0],27.07
(3.204 - 11.811],[1 - 2],(1.0 - 2.0],(10.0 - 13.0],22.429
(1.466 - 3.204],(2 - 3],(5.0 - 8.0],(8.0 - 10.0],23.82
(0.42 - 0.587],[1 - 2],[0.0 - 1.0],(4.0 - 8.0],31.946
(11.811 - 20.001],[1 - 2],(5.0 - 8.0],(17.0 - 21.0],20.778
(0.42 - 0.587],(2 - 3],[0.0 - 1.0],(8.0 - 10.0],31.612
(3.204 - 11.811],[1 - 2],(5.0 - 8.0],(13.0 - 17.0],27.869
(0.42 - 0.587],(2 - 3],(1.0 - 2.0],(8.0 - 10.0],31.135
(0.587 - 0.884],(2 - 3],[0.0 - 1.0],(21.0 - 25.0],29.18
(1.466 - 3.204],[1 - 2],(8.0 - 13.0],(25.0 - 29.0],20.931
(0.884 - 1.466],[1 - 2],[0.0 - 1.0],(36.0 - 59.0],30.811
(0.335 - 0.42],[1 - 2],(5.0 - 8.0],(21.0 - 25.0],29.397
(1.466 - 3.204],(2 - 3],(5.0 - 8.0],(4.0 - 8.0],21.472
(0.884 - 1.466],[1 - 2],(5.0 - 8.0],(13.0 - 17.0],28.453
(0.587 - 0.884],[1 - 2],[0.0 - 1.0],(17.0 - 21.0],32.51
(0.587 - 0.884],[1 - 2],(3.0 - 5.0],(4.0 - 8.0],22.876
(1.466 - 3.204],[1 - 2],(3.0 - 5.0],(13.0 - 17.0],35.738
(3.204 - 11.811],(2 - 3],(2.0 - 3.0],(21.0 - 25.0],26.726
(0.587 - 0.884],(2 - 3],(5.0 - 8.0],(4.0 - 8.0],25.903
(1.466 - 3.204],[1 - 2],[0.0 - 1.0],(13.0 - 17.0],22.133
(11.811 - 20.001],[1 - 2],(2.0 - 3.0],(36.0 - 59.0],20.399
(0.335 - 0.42],[1 - 2],[0.0 - 1.0],(13.0 - 17.0],20.966
(1.466 - 3.204],(2 - 3],(3.0 - 5.0],(4.0 - 8.0],28.34
(0.884 - 1.466],(2 - 3],(13.0 - 63.0],[0.0 - 4.0],21.174
(0.587 - 0.884],[1 - 2],[0.0 - 1.0],(29.0 - 36.0],33.813
(0.587 - 0.884],(2 - 3],(3.0 - 5.0],(13.0 - 17.0],27.205
(0.884 - 1.466],[1 - 2],[0.0 - 1.0],[0.0 - 4.0],29.981
(1.466 - 3.204],(2 - 3],(3.0 - 5.0],(13.0 - 17.0],32.231
(0.42 - 0.587],[1 - 2],(13.0 - 63.0],(10.0 - 13.0],23.795
(0.587 - 0.884],(3 - 4],(8.0 - 13.0],[0.0 - 4.0],35.529
(0.587 - 0.884],(3 - 4],(8.0 - 13.0],(4.0 - 8.0],26.334
(0.335 - 0.42],[1 - 2],[0.0 - 1.0],(13.0 - 17.0],20.307
(0.335 - 0.42],[1 - 2],[0.0 - 1.0],(13.0 - 17.0],36.129
(0.587 - 0.884],[1 - 2],(1.0 - 2.0],(17.0 - 21.0],38.26
(0.42 - 0.587],(2 - 3],(13.0 - 63.0],[0.0 - 4.0],27.824
(0.587 - 0.884],[1 - 2],(5.0 - 8.0],(4.0 - 8.0],20.462
(0.42 - 0.587],[1 - 2],(3.0 - 5.0],[0.0 - 4.0],33.409
(0.42 - 0.587],(2 - 3],[0.0 - 1.0],(10.0 - 13.0],29.032
(0.335 - 0.42],[1 - 2],(5.0 - 8.0],(17.0 - 21.0],32.831
(0.42 - 0.587],(2 - 3],(13.0 - 63.0],[0.0 - 4.0],29.748
(0.884 - 1.466],(2 - 3],(13.0 - 63.0],(4.0 - 8.0],24.81
(0.335 - 0.42],[1 - 2],[0.0 - 1.0],(8.0 - 10.0],33.086
(1.466 - 3.204],(3 - 4],(3.0 - 5.0],(17.0 - 21.0],25.863
(0.587 - 0.884],[1 - 2],(3.0 - 5.0],(4.0 - 8.0],25.439
(0.884 - 1.466],(2 - 3],(13.0 - 63.0],(4.0 - 8.0],30.816
(1.466 - 3.204],[1 - 2],(5.0 - 8.0],(17.0 - 21.0],24.348
(1.466 - 3.204],[1 - 2],(8.0 - 13.0],(10.0 - 13.0],26.069
(0.884 - 1.466],[1 - 2],(2.0 - 3.0],(17.0 - 21.0],24.075
(0.335 - 0.42],(2 - 3],[0.0 - 1.0],[0.0 - 4.0],24.91
(0.587 - 0.884],[1 - 2],[0.0 - 1.0],(13.0 - 17.0],22.517
(3.204 - 11.811],[1 - 2],[0.0 - 1.0],[0.0 - 4.0],26.163
(0.335 - 0.42],[1 - 2],[0.0 - 1.0],(25.0 - 29.0],32.654
(1.466 - 3.204],(2 - 3],(8.0 - 13.0],(4.0 - 8.0],24.23
(0.335 - 0.42],(2 - 3],(5.0 - 8.0],(8.0 - 10.0],38.768
(0.587 - 0.884],(3 - 4],(8.0 - 13.0],[0.0 - 4.0],27.565
(0.42 - 0.587],[1 - 2],(8.0 - 13.0],(8.0 - 10.0],26.776
(0.42 - 0.587],(2 - 3],(13.0 - 63.0],(4.0 - 8.0],30.61
(0.587 - 0.884],(3 - 4],(8.0 - 13.0],(4.0 - 8.0],22.776
(0.884 - 1.466],[1 - 2],[0.0 - 1.0],(17.0 - 21.0],29.378
(0.884 - 1.466],[1 - 2],(5.0 - 8.0],(8.0 - 10.0],27.016
(0.335 - 0.42],[1 - 2],[0.0 - 1.0],(36.0 - 59.0],29.447
(0.335 - 0.42],(2 - 3],(13.0 - 63.0],[0.0 - 4.0],30.111
(0.884 - 1.466],(2 - 3],(2.0 - 3.0],(8.0 - 10.0],25.055
(0.884 - 1.466],(2 - 3],(3.0 - 5.0],(13.0 - 17.0],27.111
(1.466 - 3.204],[1 - 2],(5.0 - 8.0],(8.0 - 10.0],31.018
(0.335 - 0.42],[1 - 2],[0.0 - 1.0],(10.0 - 13.0],18.192
(0.884 - 1.466],(2 - 3],(3.0 - 5.0],(8.0 - 10.0],37.127
(0.884 - 1.466],(2 - 3],(2.0 - 3.0],(17.0 - 21.0],26.126
(0.335 - 0.42],(2 - 3],(5.0 - 8.0],(8.0 - 10.0],32.346
(0.42 - 0.587],(3 - 4],(13.0 - 63.0],[0.0 - 4.0],36.016
(0.335 - 0.42],(2 - 3],(3.0 - 5.0],(10.0 - 13.0],29.212
(0.335 - 0.42],(3 - 4],(13.0 - 63.0],[0.0 - 4.0],35.152
(1.466 - 3.204],[1 - 2],(13.0 - 63.0],[0.0 - 4.0],22.065
(0.42 - 0.587],(3 - 4],(5.0 - 8.0],(8.0 - 10.0],29.243
(0.587 - 0.884],(2 - 3],[0.0 - 1.0],(13.0 - 17.0],26.368
(0.42 - 0.587],(3 - 4],(2.0 - 3.0],(8.0 - 10.0],34.756
(3.204 - 11.811],[1 - 2],(5.0 - 8.0],(25.0 - 29.0],20.71
(1.466 - 3.204],[1 - 2],[0.0 - 1.0],(17.0 - 21.0],24.579
(0.884 - 1.466],(2 - 3],(1.0 - 2.0],(17.0 - 21.0],27.066
(3.204 - 11.811],[1 - 2],[0.0 - 1.0],[0.0 - 4.0],16.093
(0.42 - 0.587],(2 - 3],[0.0 - 1.0],[0.0 - 4.0],34.558
(0.884 - 1.466],[1 - 2],(1.0 - 2.0],(25.0 - 29.0],25.985
(0.587 - 0.884],[1 - 2],(1.0 - 2.0],(10.0 - 13.0],28.25
(0.42 - 0.587],(3 - 4],(8.0 - 13.0],[0.0 - 4.0],29.149
(0.335 - 0.42],(3 - 4],(13.0 - 63.0],[0.0 - 4.0],30.46
(0.335 - 0.42],[1 - 2],[0.0 - 1.0],(4.0 - 8.0],25.536
(0.42 - 0.587],[1 - 2],(2.0 - 3.0],[0.0 - 4.0],26.49
(0.587 - 0.884],(2 - 3],(1.0 - 2.0],(13.0 - 17.0],25.804
(0.587 - 0.884],[1 - 2],[0.0 - 1.0],(10.0 - 13.0],27.369
(1.466 - 3.204],[1 - 2],(1.0 - 2.0],(21.0 - 25.0],24.309
(0.335 - 0.42],[1 - 2],(5.0 - 8.0],(25.0 - 29.0],27.138
(1.466 - 3.204],[1 - 2],(2.0 - 3.0],(36.0 - 59.0],28.871
(0.884 - 1.466],[1 - 2],(1.0 - 2.0],(8.0 - 10.0],34.762
(0.587 - 0.884],[1 - 2],[0.0 - 1.0],(36.0 - 59.0],47.036
(3.204 - 11.811],[1 - 2],(5.0 - 8.0],(13.0 - 17.0],27.137
(0.587 - 0.884],[1 - 2],[0.0 - 1.0],(21.0 - 25.0],33.206
(0.587 - 0.884],[1 - 2],(5.0 - 8.0],(17.0 - 21.0],23.282
(0.335 - 0.42],(3 - 4],[0.0 - 1.0],(4.0 - 8.0],26.227
(0.587 - 0.884],(2 - 3],(1.0 - 2.0],(13.0 - 17.0],29.093
(0.42 - 0.587],(3 - 4],(5.0 - 8.0],(10.0 - 13.0],32.874
(1.466 - 3.204],[1 - 2],(8.0 - 13.0],(13.0 - 17.0],20.019
(3.204 - 11.811],[1 - 2],(2.0 - 3.0],(10.0 - 13.0],20.207
(3.204 - 11.811],(3 - 4],(1.0 - 2.0],(25.0 - 29.0],23.653
(0.42 - 0.587],[1 - 2],(2.0 - 3.0],(10.0 - 13.0],25.26
(1.466 - 3.204],[1 - 2],(1.0 - 2.0],[0.0 - 4.0],22.952
(1.466 - 3.204],[1 - 2],(1.0 - 2.0],(36.0 - 59.0],30.265
(0.587 - 0.884],[1 - 2],[0.0 - 1.0],(4.0 - 8.0],26.12
(0.42 - 0.587],(2 - 3],[0.0 - 1.0],(4.0 - 8.0],33.495
(1.466 - 3.204],(3 - 4],[0.0 - 1.0],(4.0 - 8.0],26.099
(0.884 - 1.466],(3 - 4],(8.0 - 13.0],(4.0 - 8.0],27.648
(1.466 - 3.204],[1 - 2],(5.0 - 8.0],(13.0 - 17.0],23.238
(0.335 - 0.42],(2 - 3],(5.0 - 8.0],(13.0 - 17.0],33.052
(0.884 - 1.466],(3 - 4],(13.0 - 63.0],(10.0 - 13.0],27.197
(1.466 - 3.204],(2 - 3],(13.0 - 63.0],(4.0 - 8.0],23.063
(0.335 - 0.42],[1 - 2],(5.0 - 8.0],(21.0 - 25.0],32.381
(0.884 - 1.466],[1 - 2],[0.0 - 1.0],(4.0 - 8.0],17.994
(0.587 - 0.884],[1 - 2],(1.0 - 2.0],(36.0 - 59.0],27.381
(0.42 - 0.587],[1 - 2],(13.0 - 63.0],(8.0 - 10.0],28.809
(0.587 - 0.884],[1 - 2],(2.0 - 3.0],(8.0 - 10.0],35.676
(0.884 - 1.466],[1 - 2],(13.0 - 63.0],[0.0 - 4.0],25.512
(0.587 - 0.884],[1 - 2],[0.0 - 1.0],(10.0 - 13.0],27.366
(0.587 - 0.884],(3 - 4],(8.0 - 13.0],(4.0 - 8.0],30.971
(0.587 - 0.884],[1 - 2],(3.0 - 5.0],(29.0 - 36.0],28.009
(0.335 - 0.42],[1 - 2],[0.0 - 1.0],(4.0 - 8.0],34.928
(0.335 - 0.42],(2 - 3],(5.0 - 8.0],(8.0 - 10.0],34.439
(0.42 - 0.587],(2 - 3],(8.0 - 13.0],(10.0 - 13.0],26.597
(0.335 - 0.42],[1 - 2],(3.0 - 5.0],(4.0 - 8.0],26.144
(0.42 - 0.587],(2 - 3],(13.0 - 63.0],(17.0 - 21.0],29.221
(0.587 - 0.884],(2 - 3],[0.0 - 1.0],(8.0 - 10.0],30.318
(0.587 - 0.884],(2 - 3],[0.0 - 1.0],(13.0 - 17.0],30.414
(0.335 - 0.42],(3 - 4],(13.0 - 63.0],(4.0 - 8.0],29.456
(0.42 - 0.587],[1 - 2],(2.0 - 3.0],(10.0 - 13.0],25.768
(0.42 - 0.587],(3 - 4],(1.0 - 2.0],(4.0 - 8.0],34.71
(0.42 - 0.587],[1 - 2],(5.0 - 8.0],(4.0 - 8.0],26.935
(0.335 - 0.42],(3 - 4],(13.0 - 63.0],[0.0 - 4.0],29.853
(0.42 - 0.587],(2 - 3],(13.0 - 63.0],[0.0 - 4.0],33.785
(0.335 - 0.42],(2 - 3],(5.0 - 8.0],(8.0 - 10.0],29.903
(3.204 - 11.811],[1 - 2],[0.0 - 1.0],(10.0 - 13.0],19.962
(0.335 - 0.42],(2 - 3],(1.0 - 2.0],(13.0 - 17.0],32.957
(0.335 - 0.42],[1 - 2],[0.0 - 1.0],(36.0 - 59.0],40.168
(0.42 - 0.587],(2 - 3],[0.0 - 1.0],(4.0 - 8.0],37.542
(0.335 - 0.42],(2 - 3],[0.0 - 1.0],(10.0 - 13.0],37.782
(0.335 - 0.42],[1 - 2],(3.0 - 5.0],(10.0 - 13.0],28.032
(0.587 - 0.884],[1 - 2],(8.0 - 13.0],(4.0 - 8.0],27.354
(0.587 - 0.884],(3 - 4],[0.0 - 1.0],(4.0 - 8.0],30.366
(0.587 - 0.884],(2 - 3],[0.0 - 1.0],(8.0 - 10.0],21.804
(0.335 - 0.42],[1 - 2],(2.0 - 3.0],(4.0 - 8.0],21.573
(20.001 - 31.029],[1 - 2],(3.0 - 5.0],(17.0 - 21.0],18.912
(0.335 - 0.42],[1 - 2],[0.0 - 1.0],[0.0 - 4.0],38.849
(0.587 - 0.884],[1 - 2],[0.0 - 1.0],(17.0 - 21.0],34.144
(1.466 - 3.204],[1 - 2],(1.0 - 2.0],(10.0 - 13.0],21.194
(0.884 - 1.466],[1 - 2],[0.0 - 1.0],(13.0 - 17.0],21.121
(0.42 - 0.587],[1 - 2],(1.0 - 2.0],(10.0 - 13.0],30.746
(3.204 - 11.811],(2 - 3],(3.0 - 5.0],(17.0 - 21.0],18.479
(0.884 - 1.466],(2 - 3],(2.0 - 3.0],(21.0 - 25.0],20.058
(0.42 - 0.587],[1 - 2],(2.0 - 3.0],(4.0 - 8.0],28.544
(0.884 - 1.466],(2 - 3],(5.0 - 8.0],(4.0 - 8.0],35.528
(0.335 - 0.42],[1 - 2],(3.0 - 5.0],(13.0 - 17.0],33.357
(0.587 - 0.884],[1 - 2],[0.0 - 1.0],[0.0 - 4.0],23.688
(0.335 - 0.42],[1 - 2],[0.0 - 1.0],(4.0 - 8.0],27.787
(0.884 - 1.466],(2 - 3],(5.0 - 8.0],(4.0 - 8.0],18.159
(0.884 - 1.466],[1 - 2],(3.0 - 5.0],(17.0 - 21.0],32.619
(0.884 - 1.466],[1 - 2],(2.0 - 3.0],(4.0 - 8.0],26.237
(0.884 - 1.466],(2 - 3],(1.0 - 2.0],(13.0 - 17.0],25.506
(0.335 - 0.42],[1 - 2],(5.0 - 8.0],(4.0 - 8.0],20.235
(0.42 - 0.587],[1 - 2],(3.0 - 5.0],(10.0 - 13.0],27.381
(0.42 - 0.587],(3 - 4],(13.0 - 63.0],(8.0 - 10.0],24.692
(0.335 - 0.42],[1 - 2],[0.0 - 1.0],(36.0 - 59.0],27.077
(0.587 - 0.884],[1 - 2],(1.0 - 2.0],(10.0 - 13.0],22.303
(0.884 - 1.466],[1 - 2],(5.0 - 8.0],(10.0 - 13.0],26.815
(0.42 - 0.587],(2 - 3],(8.0 - 13.0],[0.0 - 4.0],29.175
(0.587 - 0.884],[1 - 2],(5.0 - 8.0],(29.0 - 36.0],25.058
(11.811 - 20.001],(3 - 4],(8.0 - 13.0],(29.0 - 36.0],26.806
(0.42 - 0.587],(3 - 4],(3.0 - 5.0],(17.0 - 21.0],29.145
(0.884 - 1.466],[1 - 2],(1.0 - 2.0],(4.0 - 8.0],27.587
(0.884 - 1.466],[1 - 2],[0.0 - 1.0],(4.0 - 8.0],26.165
(0.335 - 0.42],(3 - 4],[0.0 - 1.0],(13.0 - 17.0],32.424
(1.466 - 3.204],[1 - 2],(1.0 - 2.0],(21.0 - 25.0],27.495
(0.42 - 0.587],[1 - 2],[0.0 - 1.0],[0.0 - 4.0],26.848
(0.335 - 0.42],[1 - 2],[0.0 - 1.0],(4.0 - 8.0],33.104
(0.42 - 0.587],(2 - 3],(8.0 - 13.0],[0.0 - 4.0],26.297
(1.466 - 3.204],[1 - 2],(3.0 - 5.0],(17.0 - 21.0],25.818
(0.587 - 0.884],(2 - 3],[0.0 - 1.0],(8.0 - 10.0],25.467
(1.466 - 3.204],[1 - 2],(8.0 - 13.0],(10.0 - 13.0],20.497
(1.466 - 3.204],[1 - 2],(2.0 - 3.0],(13.0 - 17.0],29.902
(0.42 - 0.587],[1 - 2],(8.0 - 13.0],(13.0 - 17.0],20.411
(0.335 - 0.42],(2 - 3],(1.0 - 2.0],(4.0 - 8.0],26.299
(1.466 - 3.204],[1 - 2],[0.0 - 1.0],(36.0 - 59.0],18.74
(0.587 - 0.884],[1 - 2],[0.0 - 1.0],(36.0 - 59.0],25.115
(0.884 - 1.466],[1 - 2],(5.0 - 8.0],(4.0 - 8.0],20.011
(1.466 - 3.204],[1 - 2],(1.0 - 2.0],(13.0 - 17.0],25.401
(0.587 - 0.884],[1 - 2],[0.0 - 1.0],(4.0 - 8.0],21.454
(0.42 - 0.587],(2 - 3],(13.0 - 63.0],(8.0 - 10.0],30.118
(1.466 - 3.204],[1 - 2],[0.0 - 1.0],(13.0 - 17.0],20.21
(0.42 - 0.587],[1 - 2],(5.0 - 8.0],(13.0 - 17.0],25.62
(0.42 - 0.587],[1 - 2],(1.0 - 2.0],(21.0 - 25.0],24.129
(0.335 - 0.42],(2 - 3],(3.0 - 5.0],(17.0 - 21.0],26.889
(0.42 - 0.587],(2 - 3],(5.0 - 8.0],(4.0 - 8.0],35.128
(0.587 - 0.884],[1 - 2],(2.0 - 3.0],[0.0 - 4.0],25.442
(0.335 - 0.42],[1 - 2],[0.0 - 1.0],(29.0 - 36.0],28.243
(0.335 - 0.42],(2 - 3],(3.0 - 5.0],(4.0 - 8.0],26.657
(0.42 - 0.587],(2 - 3],(2.0 - 3.0],(4.0 - 8.0],28.193
(0.42 - 0.587],[1 - 2],[0.0 - 1.0],(13.0 - 17.0],27.685
(0.884 - 1.466],(3 - 4],(3.0 - 5.0],(4.0 - 8.0],30.074
(0.42 - 0.587],[1 - 2],(3.0 - 5.0],(17.0 - 21.0],20.644
(0.335 - 0.42],[1 - 2],(2.0 - 3.0],(21.0 - 25.0],36.676
(1.466 - 3.204],[1 - 2],[0.0 - 1.0],[0.0 - 4.0],28.151
(0.42 - 0.587],(2 - 3],(5.0 - 8.0],(4.0 - 8.0],27.927
(0.884 - 1.466],[1 - 2],[0.0 - 1.0],[0.0 - 4.0],27.503
(1.466 - 3.204],[1 - 2],[0.0 - 1.0],(17.0 - 21.0],22.006
(3.204 - 11.811],[1 - 2],[0.0 - 1.0],(29.0 - 36.0],28.784
(1.466 - 3.204],(3 - 4],(3.0 - 5.0],(8.0 - 10.0],29.049
(0.587 - 0.884],(3 - 4],[0.0 - 1.0],(4.0 - 8.0],31.334
(0.587 - 0.884],[1 - 2],(1.0 - 2.0],(4.0 - 8.0],27.893
(0.884 - 1.466],(3 - 4],(13.0 - 63.0],(8.0 - 10.0],22.289
(0.587 - 0.884],(2 - 3],(5.0 - 8.0],(4.0 - 8.0],18.782
(0.335 - 0.42],(2 - 3],[0.0 - 1.0],[0.0 - 4.0],29.083
(0.884 - 1.466],(2 - 3],(13.0 - 63.0],(4.0 - 8.0],24.33
(0.884 - 1.466],(2 - 3],(13.0 - 63.0],(8.0 - 10.0],23.734
(0.587 - 0.884],[1 - 2],[0.0 - 1.0],[0.0 - 4.0],35.967
(0.587 - 0.884],(3 - 4],(8.0 - 13.0],(10.0 - 13.0],26.012
(0.884 - 1.466],(2 - 3],(13.0 - 63.0],(4.0 - 8.0],27.142
(0.884 - 1.466],[1 - 2],[0.0 - 1.0],(36.0 - 59.0],32.969
(3.204 - 11.811],(2 - 3],[0.0 - 1.0],(25.0 - 29.0],17.776
(1.466 - 3.204],[1 - 2],(3.0 - 5.0],(8.0 - 10.0],34.94
(1.466 - 3.204],[1 - 2],(2.0 - 3.0],(25.0 - 29.0],22.076
(0.335 - 0.42],(2 - 3],[0.0 - 1.0],(8.0 - 10.0],36.178
(0.42 - 0.587],(2 - 3],[0.0 - 1.0],(17.0 - 21.0],30.028
(0.335 - 0.42],(3 - 4],(13.0 - 63.0],(10.0 - 13.0],25.389
(1.466 - 3.204],[1 - 2],[0.0 - 1.0],(10.0 - 13.0],22.237
(1.466 - 3.204],[1 - 2],[0.0 - 1.0],(4.0 - 8.0],29.122
(0.587 - 0.884],[1 - 2],(13.0 - 63.0],(17.0 - 21.0],30.616
(0.587 - 0.884],(2 - 3],(13.0 - 63.0],[0.0 - 4.0],26.525
(0.884 - 1.466],[1 - 2],(5.0 - 8.0],[0.0 - 4.0],22.932
(0.884 - 1.466],[1 - 2],(3.0 - 5.0],[0.0 - 4.0],20.608
(0.42 - 0.587],[1 - 2],[0.0 - 1.0],(10.0 - 13.0],32.854
(0.884 - 1.466],[1 - 2],[0.0 - 1.0],(10.0 - 13.0],25.877
(0.335 - 0.42],[1 - 2],[0.0 - 1.0],(13.0 - 17.0],24.529
(0.884 - 1.466],[1 - 2],[0.0 - 1.0],(10.0 - 13.0],20.901
(0.884 - 1.466],[1 - 2],(3.0 - 5.0],(25.0 - 29.0],30.079
(0.335 - 0.42],[1 - 2],[0.0 - 1.0],(17.0 - 21.0],29.501
(0.42 - 0.587],[1 - 2],[0.0 - 1.0],(13.0 - 17.0],31.546
(0.587 - 0.884],[1 - 2],(13.0 - 63.0],[0.0 - 4.0],18.395
(0.335 - 0.42],[1 - 2],(8.0 - 13.0],(29.0 - 36.0],33.477
(0.884 - 1.466],[1 - 2],[0.0 - 1.0],(8.0 - 10.0],31.255
(0.587 - 0.884],[1 - 2],(1.0 - 2.0],(10.0 - 13.0],29.178
(1.466 - 3.204],(2 - 3],(13.0 - 63.0],[0.0 - 4.0],20.888
(0.884 - 1.466],[1 - 2],(8.0 - 13.0],(13.0 - 17.0],29.624
(0.335 - 0.42],[1 - 2],(5.0 - 8.0],(4.0 - 8.0],25.689
(0.335 - 0.42],[1 - 2],(8.0 - 13.0],[0.0 - 4.0],27.545
(0.335 - 0.42],[1 - 2],(2.0 - 3.0],(8.0 - 10.0],22.986
(0.335 - 0.42],[1 - 2],[0.0 - 1.0],[0.0 - 4.0],30.497
(3.204 - 11.811],[1 - 2],(8.0 - 13.0],(21.0 - 25.0],26.337
(0.42 - 0.587],(2 - 3],(13.0 - 63.0],(8.0 - 10.0],29.188
(0.587 - 0.884],[1 - 2],[0.0 - 1.0],[0.0 - 4.0],31.01
(0.335 - 0.42],(3 - 4],(8.0 - 13.0],(13.0 - 17.0],30.54
(1.466 - 3.204],[1 - 2],(1.0 - 2.0],(10.0 - 13.0],19.998
(0.335 - 0.42],[1 - 2],[0.0 - 1.0],(8.0 - 10.0],29.621
(0.42 - 0.587],[1 - 2],(13.0 - 63.0],[0.0 - 4.0],29.862
(0.587 - 0.884],[1 - 2],(13.0 - 63.0],[0.0 - 4.0],32.659
(0.42 - 0.587],(3 - 4],(1.0 - 2.0],(4.0 - 8.0],39.346
(0.42 - 0.587],(3 - 4],(13.0 - 63.0],(4.0 - 8.0],28.518
(1.466 - 3.204],(4 - 5],(8.0 - 13.0],(8.0 - 10.0],33.521
(0.42 - 0.587],(4 - 5],(13.0 - 63.0],(13.0 - 17.0],37.793
(11.811 - 20.001],(4 - 5],[0.0 - 1.0],(10.0 - 13.0],35.757
(0.884 - 1.466],(4 - 5],(8.0 - 13.0],(10.0 - 13.0],27.812
(0.884 - 1.466],(4 - 5],(8.0 - 13.0],[0.0 - 4.0],38.927
(0.884 - 1.466],(5 - 7],(8.0 - 13.0],[0.0 - 4.0],33.315
(0.587 - 0.884],(4 - 5],(13.0 - 63.0],(13.0 - 17.0],35.029
(0.42 - 0.587],(4 - 5],(5.0 - 8.0],[0.0 - 4.0],32.218
(0.42 - 0.587],(5 - 7],(13.0 - 63.0],[0.0 - 4.0],37.33
(0.884 - 1.466],(7 - 10],(5.0 - 8.0],(8.0 - 10.0],34.534
(0.335 - 0.42],(5 - 7],(3.0 - 5.0],(4.0 - 8.0],34.46
(0.587 - 0.884],(4 - 5],(8.0 - 13.0],(10.0 - 13.0],39.157
(0.884 - 1.466],(4 - 5],[0.0 - 1.0],(13.0 - 17.0],26.46
(0.587 - 0.884],(4 - 5],(13.0 - 63.0],(8.0 - 10.0],31.13
(3.204 - 11.811],(4 - 5],[0.0 - 1.0],(10.0 - 13.0],38.506
(1.466 - 3.204],(4 - 5],[0.0 - 1.0],(13.0 - 17.0],40.871
(0.587 - 0.884],(4 - 5],[0.0 - 1.0],(10.0 - 13.0],36.228
(0.335 - 0.42],(5 - 7],(13.0 - 63.0],(8.0 - 10.0],35.158
(0.884 - 1.466],(4 - 5],(1.0 - 2.0],[0.0 - 4.0],40.704
(3.204 - 11.811],(4 - 5],(8.0 - 13.0],(8.0 - 10.0],29.652
(1.466 - 3.204],(5 - 7],(13.0 - 63.0],(8.0 - 10.0],28.078
(0.884 - 1.466],(4 - 5],(5.0 - 8.0],[0.0 - 4.0],31.843
(1.466 - 3.204],(5 - 7],(13.0 - 63.0],(10.0 - 13.0],23.838
(0.42 - 0.587],(4 - 5],[0.0 - 1.0],(13.0 - 17.0],34.068
(0.587 - 0.884],(5 - 7],(5.0 - 8.0],(10.0 - 13.0],47.68
(0.42 - 0.587],(5 - 7],(5.0 - 8.0],(4.0 - 8.0],43.017
(0.42 - 0.587],(5 - 7],(13.0 - 63.0],[0.0 - 4.0],35.551
(0.335 - 0.42],(5 - 7],(3.0 - 5.0],(4.0 - 8.0],33.736
(1.466 - 3.204],(4 - 5],[0.0 - 1.0],(21.0 - 25.0],41.518
(0.335 - 0.42],(4 - 5],(13.0 - 63.0],(4.0 - 8.0],29.86
(0.42 - 0.587],(4 - 5],(13.0 - 63.0],[0.0 - 4.0],35.238
(0.42 - 0.587],(4 - 5],[0.0 - 1.0],(17.0 - 21.0],36.777
(1.466 - 3.204],(5 - 7],(13.0 - 63.0],(13.0 - 17.0],32.927
(0.335 - 0.42],(7 - 10],(8.0 - 13.0],[0.0 - 4.0],39.386
(0.335 - 0.42],(7 - 10],(13.0 - 63.0],[0.0 - 4.0],38.352
(1.466 - 3.204],(7 - 10],(8.0 - 13.0],(8.0 - 10.0],31.102
(0.884 - 1.466],(5 - 7],(13.0 - 63.0],[0.0 - 4.0],33.298
(0.587 - 0.884],(4 - 5],(13.0 - 63.0],[0.0 - 4.0],30.573
(0.587 - 0.884],(4 - 5],(13.0 - 63.0],[0.0 - 4.0],39.496
(0.335 - 0.42],(7 - 10],(13.0 - 63.0],(4.0 - 8.0],32.157
(1.466 - 3.204],(4 - 5],(13.0 - 63.0],(10.0 - 13.0],27.167
(0.42 - 0.587],(3 - 4],(5.0 - 8.0],[0.0 - 4.0],34.207
(0.335 - 0.42],(4 - 5],(13.0 - 63.0],[0.0 - 4.0],33.321
(0.335 - 0.42],(7 - 10],(13.0 - 63.0],(8.0 - 10.0],47.452
(0.335 - 0.42],(5 - 7],(13.0 - 63.0],(4.0 - 8.0],34.834
(0.884 - 1.466],(7 - 10],(3.0 - 5.0],[0.0 - 4.0],40.754
(0.335 - 0.42],(5 - 7],(8.0 - 13.0],[0.0 - 4.0],31.721
(0.587 - 0.884],(4 - 5],(8.0 - 13.0],[0.0 - 4.0],30.163
(0.335 - 0.42],(5 - 7],(13.0 - 63.0],[0.0 - 4.0],44.809
(1.466 - 3.204],(4 - 5],(3.0 - 5.0],[0.0 - 4.0],22.857
(1.466 - 3.204],(4 - 5],(8.0 - 13.0],(4.0 - 8.0],22.664
(0.884 - 1.466],(7 - 10],(8.0 - 13.0],(10.0 - 13.0],30.688
(0.884 - 1.466],(4 - 5],(5.0 - 8.0],[0.0 - 4.0],26.445
(0.42 - 0.587],(4 - 5],[0.0 - 1.0],[0.0 - 4.0],39.565
(0.884 - 1.466],(4 - 5],(13.0 - 63.0],(4.0 - 8.0],27.822
(0.42 - 0.587],(4 - 5],[0.0 - 1.0],(13.0 - 17.0],30.156
(0.587 - 0.884],(5 - 7],(2.0 - 3.0],(10.0 - 13.0],32.788
(11.811 - 20.001],(5 - 7],[0.0 - 1.0],(21.0 - 25.0],35.574
(0.884 - 1.466],(4 - 5],(8.0 - 13.0],(4.0 - 8.0],39.544
(0.42 - 0.587],(5 - 7],(13.0 - 63.0],(4.0 - 8.0],30.448
(0.587 - 0.884],(4 - 5],(13.0 - 63.0],[0.0 - 4.0],39.805
(0.335 - 0.42],(5 - 7],[0.0 - 1.0],(8.0 - 10.0],30.97
(0.335 - 0.42],(4 - 5],(5.0 - 8.0],[0.0 - 4.0],41.752
(0.587 - 0.884],(4 - 5],[0.0 - 1.0],(4.0 - 8.0],33.105
(1.466 - 3.204],(4 - 5],(5.0 - 8.0],(8.0 - 10.0],29.6
(0.884 - 1.466],(4 - 5],(1.0 - 2.0],[0.0 - 4.0],36.541
(0.587 - 0.884],(4 - 5],(13.0 - 63.0],(4.0 - 8.0],29.784
(0.42 - 0.587],(4 - 5],(8.0 - 13.0],(8.0 - 10.0],30.877
(0.884 - 1.466],(4 - 5],(13.0 - 63.0],[0.0 - 4.0],23.588
(0.587 - 0.884],(4 - 5],(1.0 - 2.0],[0.0 - 4.0],39.582
(0.587 - 0.884],(3 - 4],(1.0 - 2.0],(10.0 - 13.0],26.14
(1.466 - 3.204],(4 - 5],(3.0 - 5.0],(21.0 - 25.0],32.113
(0.884 - 1.466],(4 - 5],(8.0 - 13.0],(8.0 - 10.0],27.264
(0.884 - 1.466],(7 - 10],(5.0 - 8.0],(4.0 - 8.0],25.138
(0.42 - 0.587],(7 - 10],(13.0 - 63.0],(4.0 - 8.0],44.836
(0.42 - 0.587],(5 - 7],(8.0 - 13.0],(4.0 - 8.0],43.346
(0.335 - 0.42],(5 - 7],(8.0 - 13.0],[0.0 - 4.0],38.177
(1.466 - 3.204],(7 - 10],(13.0 - 63.0],(4.0 - 8.0],25.749
(11.811 - 20.001],(4 - 5],(2.0 - 3.0],(10.0 - 13.0],27.804
(0.335 - 0.42],(5 - 7],(13.0 - 63.0],[0.0 - 4.0],37.751
(0.884 - 1.466],(7 - 10],(3.0 - 5.0],(4.0 - 8.0],34.77
(31.029 - 34.876],(2 - 3],[0.0 - 1.0],(17.0 - 21.0],27.415
(11.811 - 20.001],(2 - 3],[0.0 - 1.0],(13.0 - 17.0],24.372
(31.029 - 34.876],(2 - 3],(3.0 - 5.0],(29.0 - 36.0],17.39
(20.001 - 31.029],(2 - 3],(5.0 - 8.0],(21.0 - 25.0],24.83
(31.029 - 34.876],(2 - 3],[0.0 - 1.0],(25.0 - 29.0],29.166
(20.001 - 31.029],(2 - 3],[0.0 - 1.0],(21.0 - 25.0],25.353
(31.029 - 34.876],(2 - 3],(5.0 - 8.0],(21.0 - 25.0],30.209
(20.001 - 31.029],(2 - 3],[0.0 - 1.0],(21.0 - 25.0],35.301
(20.001 - 31.029],(2 - 3],[0.0 - 1.0],(29.0 - 36.0],32.113
(31.029 - 34.876],(2 - 3],[0.0 - 1.0],(29.0 - 36.0],29.254
(31.029 - 34.876],(2 - 3],(5.0 - 8.0],(13.0 - 17.0],27.183
(11.811 - 20.001],(2 - 3],[0.0 - 1.0],(25.0 - 29.0],28.438
(31.029 - 34.876],(2 - 3],(1.0 - 2.0],(25.0 - 29.0],22.473
(31.029 - 34.876],(2 - 3],[0.0 - 1.0],(36.0 - 59.0],30.154
(11.811 - 20.001],(2 - 3],[0.0 - 1.0],(10.0 - 13.0],24.588
(31.029 - 34.876],(2 - 3],[0.0 - 1.0],(36.0 - 59.0],28.98
(31.029 - 34.876],(2 - 3],[0.0 - 1.0],(29.0 - 36.0],18.449
(31.029 - 34.876],(2 - 3],[0.0 - 1.0],(29.0 - 36.0],27.134
(31.029 - 34.876],(2 - 3],(2.0 - 3.0],(21.0 - 25.0],33.708
(31.029 - 34.876],(2 - 3],[0.0 - 1.0],(21.0 - 25.0],29.613
(11.811 - 20.001],(2 - 3],[0.0 - 1.0],(10.0 - 13.0],39.499
(20.001 - 31.029],(2 - 3],[0.0 - 1.0],(29.0 - 36.0],20.357
(31.029 - 34.876],(2 - 3],[0.0 - 1.0],(36.0 - 59.0],31.034
(31.029 - 34.876],(2 - 3],(2.0 - 3.0],(29.0 - 36.0],28.289
(20.001 - 31.029],(2 - 3],[0.0 - 1.0],(29.0 - 36.0],28.053
(20.001 - 31.029],(2 - 3],[0.0 - 1.0],(29.0 - 36.0],23.166
(31.029 - 34.876],(2 - 3],(3.0 - 5.0],(21.0 - 25.0],26.475
(31.029 - 34.876],(2 - 3],(2.0 - 3.0],(29.0 - 36.0],30.449
(31.029 - 34.876],(2 - 3],[0.0 - 1.0],(36.0 - 59.0],33.949
(31.029 - 34.876],(2 - 3],(2.0 - 3.0],(36.0 - 59.0],23.077
(31.029 - 34.876],(2 - 3],[0.0 - 1.0],(21.0 - 25.0],30.337
(31.029 - 34.876],(2 - 3],[0.0 - 1.0],(25.0 - 29.0],37.024
(20.001 - 31.029],(2 - 3],[0.0 - 1.0],(36.0 - 59.0],28.899
(20.001 - 31.029],(2 - 3],[0.0 - 1.0],(36.0 - 59.0],25.088
(20.001 - 31.029],(2 - 3],[0.0 - 1.0],(36.0 - 59.0],31.024
(11.811 - 20.001],(2 - 3],[0.0 - 1.0],(21.0 - 25.0],27.144
(20.001 - 31.029],(2 - 3],[0.0 - 1.0],(17.0 - 21.0],27.709
(31.029 - 34.876],(2 - 3],[0.0 - 1.0],(36.0 - 59.0],34.398
(31.029 - 34.876],(2 - 3],(1.0 - 2.0],(21.0 - 25.0],31.951
(20.001 - 31.029],(2 - 3],[0.0 - 1.0],(25.0 - 29.0],32.028
(31.029 - 34.876],(2 - 3],[0.0 - 1.0],(36.0 - 59.0],30.297
(11.811 - 20.001],(2 - 3],[0.0 - 1.0],(10.0 - 13.0],27.651
(20.001 - 31.029],(2 - 3],(3.0 - 5.0],(21.0 - 25.0],26.362
(34.876 - 95.677],(2 - 3],[0.0 - 1.0],(25.0 - 29.0],24.635
(34.876 - 95.677],(10 - 41],[0.0 - 1.0],(25.0 - 29.0],44.806
(34.876 - 95.677],(10 - 41],[0.0 - 1.0],(25.0 - 29.0],41.52
(34.876 - 95.677],(10 - 41],[0.0 - 1.0],(29.0 - 36.0],35.88
(34.876 - 95.677],(10 - 41],[0.0 - 1.0],(21.0 - 25.0],32.703
(34.876 - 95.677],(10 - 41],[0.0 - 1.0],(29.0 - 36.0],39.24
(34.876 - 95.677],(10 - 41],[0.0 - 1.0],(29.0 - 36.0],44.694
(34.876 - 95.677],(10 - 41],[0.0 - 1.0],(29.0 - 36.0],48.326
(34.876 - 95.677],(10 - 41],(1.0 - 2.0],(21.0 - 25.0],42.134
(34.876 - 95.677],(10 - 41],[0.0 - 1.0],(29.0 - 36.0],40.962
(34.876 - 95.677],(10 - 41],[0.0 - 1.0],(29.0 - 36.0],39.351
(34.876 - 95.677],(10 - 41],[0.0 - 1.0],(29.0 - 36.0],36.296
(34.876 - 95.677],(10 - 41],[0.0 - 1.0],(29.0 - 36.0],35.233
(34.876 - 95.677],(10 - 41],(1.0 - 2.0],(25.0 - 29.0],36.268
(34.876 - 95.677],(10 - 41],[0.0 - 1.0],(25.0 - 29.0],33.783
(34.876 - 95.677],(7 - 10],[0.0 - 1.0],(25.0 - 29.0],26.603
(34.876 - 95.677],(10 - 41],[0.0 - 1.0],(21.0 - 25.0],38.717
(34.876 - 95.677],(10 - 41],[0.0 - 1.0],(29.0 - 36.0],37.009
(34.876 - 95.677],(10 - 41],[0.0 - 1.0],(25.0 - 29.0],39.754
(34.876 - 95.677],(10 - 41],[0.0 - 1.0],(29.0 - 36.0],33.784
(34.876 - 95.677],(10 - 41],(3.0 - 5.0],(25.0 - 29.0],31.667
(34.876 - 95.677],(10 - 41],[0.0 - 1.0],(13.0 - 17.0],40.609
